,Keywords
0,B_Instrumental_main-track
1,G_Lyrics_complementarytrack
2,G_Lyrics_complementarytrack
3,G_Lyrics_complementarytrack
4,B_Instrumental_main-track
5,B_Instrumental_main-track
6,B_Instrumental_main-track
7,B_Instrumental_main-track
8,B_Instrumental_main-track
9,B_Instrumental_main-track
10,B_Instrumental_main-track
11,B_Instrumental_main-track
12,B_Instrumental_main-track
13,B_Instrumental_main-track
14,B_Instrumental_main-track
15,B_Instrumental_main-track
16,B_Instrumental_main-track
17,B_Instrumental_main-track
18,B_Instrumental_main-track
19,B_Instrumental_main-track
20,B_Instrumental_main-track
21,B_Instrumental_main-track
22,B_Instrumental_main-track
23,B_Instrumental_main-track
24,B_Instrumental_main-track
25,B_Instrumental_main-track
26,B_Instrumental_main-track
27,B_Instrumental_main-track
28,B_Instrumental_main-track
29,B_Instrumental_main-track
30,B_Instrumental_main-track
31,B_Instrumental_main-track
32,B_Instrumental_main-track
33,B_Instrumental_main-track
34,B_Instrumental_main-track
35,B_Instrumental_main-track
36,B_Instrumental_main-track
37,B_Instrumental_main-track
38,B_Instrumental_main-track
39,B_Instrumental_main-track
40,B_Instrumental_main-track
41,B_Instrumental_main-track
42,B_Instrumental_main-track
43,B_Instrumental_main-track
44,B_Instrumental_main-track
45,B_Instrumental_main-track
46,B_Instrumental_main-track
47,B_Instrumental_main-track
48,B_Instrumental_main-track
49,B_Instrumental_main-track
50,B_Instrumental_main-track
51,B_Instrumental_main-track
52,B_Instrumental_main-track
53,B_Instrumental_main-track
54,B_Instrumental_main-track
55,B_Instrumental_main-track
56,B_Instrumental_main-track
57,B_Instrumental_main-track
58,B_Instrumental_main-track
59,B_Instrumental_main-track
60,B_Instrumental_main-track
61,B_Instrumental_main-track
62,B_Instrumental_main-track
63,B_Instrumental_main-track
64,B_Instrumental_main-track
65,B_Instrumental_main-track
66,B_Instrumental_main-track
67,B_Instrumental_main-track
68,B_Instrumental_main-track
69,B_Instrumental_main-track
70,B_Instrumental_main-track
71,B_Instrumental_main-track
72,B_Instrumental_main-track
73,B_Instrumental_main-track
74,B_Instrumental_main-track
75,B_Instrumental_main-track
76,B_Instrumental_main-track
77,B_Instrumental_main-track
78,B_Instrumental_main-track
79,B_Instrumental_main-track
80,B_Instrumental_main-track
81,B_Instrumental_main-track
82,B_Instrumental_main-track
83,B_Instrumental_main-track
84,B_Instrumental_main-track
85,B_Instrumental_main-track
86,B_Instrumental_main-track
87,B_Instrumental_main-track
88,B_Instrumental_main-track
89,B_Instrumental_main-track
90,B_Instrumental_main-track
91,B_Instrumental_main-track
92,B_Instrumental_main-track
93,B_Instrumental_main-track
94,B_Instrumental_main-track
95,B_Instrumental_main-track
96,B_Instrumental_main-track
97,B_Instrumental_main-track
98,B_Instrumental_main-track
99,B_Instrumental_main-track
100,B_Instrumental_main-track
101,B_Instrumental_main-track
102,B_Instrumental_main-track
103,B_Instrumental_main-track
104,B_Instrumental_main-track
105,B_Instrumental_main-track
106,B_Instrumental_main-track
107,B_Instrumental_main-track
108,B_Instrumental_main-track
109,B_Instrumental_main-track
110,B_Instrumental_main-track
111,B_Instrumental_main-track
112,B_Instrumental_main-track
113,B_Instrumental_main-track
114,B_Instrumental_main-track
115,B_Instrumental_main-track
116,B_Instrumental_main-track
117,B_Instrumental_main-track
118,B_Instrumental_main-track
119,B_Instrumental_main-track
120,B_Instrumental_main-track
121,B_Instrumental_main-track
122,B_Instrumental_main-track
123,B_Instrumental_main-track
124,B_Instrumental_main-track
125,B_Instrumental_main-track
126,B_Instrumental_main-track
127,B_Instrumental_main-track
128,B_Instrumental_main-track
129,B_Instrumental_main-track
130,B_Instrumental_main-track
131,B_Instrumental_main-track
132,B_Instrumental_main-track
133,B_Instrumental_main-track
134,B_Instrumental_main-track
135,B_Instrumental_main-track
136,B_Instrumental_main-track
137,B_Instrumental_main-track
138,B_Instrumental_main-track
139,B_Instrumental_main-track
140,B_Instrumental_main-track
141,B_Instrumental_main-track
142,B_Instrumental_main-track
143,B_Instrumental_main-track
144,B_Instrumental_main-track
145,R_Video_footage_overlaps
146,R_Video_footage_overlaps
147,G_Lyrics_complementarytrack
148,G_Lyrics_complementarytrack
149,G_Lyrics_complementarytrack
150,G_Lyrics_complementarytrack
151,G_Lyrics_complementarytrack
152,G_Lyrics_complementarytrack
153,G_Lyrics_complementarytrack
154,G_Lyrics_complementarytrack
155,G_Lyrics_complementarytrack
156,G_Lyrics_complementarytrack
157,G_Lyrics_complementarytrack
158,G_Lyrics_complementarytrack
159,G_Lyrics_complementarytrack
160,G_Lyrics_complementarytrack
161,G_Lyrics_complementarytrack
162,G_Lyrics_complementarytrack
163,G_Lyrics_complementarytrack
164,G_Lyrics_complementarytrack
165,G_Lyrics_complementarytrack
166,G_Lyrics_complementarytrack
167,G_Lyrics_complementarytrack
168,G_Lyrics_complementarytrack
169,G_Lyrics_complementarytrack
170,G_Lyrics_complementarytrack
171,G_Lyrics_complementarytrack
172,G_Lyrics_complementarytrack
173,G_Lyrics_complementarytrack
174,G_Lyrics_complementarytrack
175,G_Lyrics_complementarytrack
176,G_Lyrics_complementarytrack
177,G_Lyrics_complementarytrack
178,G_Lyrics_complementarytrack
179,G_Lyrics_complementarytrack
180,G_Lyrics_complementarytrack
181,G_Lyrics_complementarytrack
182,G_Lyrics_complementarytrack
183,G_Lyrics_complementarytrack
184,G_Lyrics_complementarytrack
185,G_Lyrics_complementarytrack
186,G_Lyrics_complementarytrack
187,G_Lyrics_complementarytrack
188,G_Lyrics_complementarytrack
189,G_Lyrics_complementarytrack
190,G_Lyrics_complementarytrack
191,G_Lyrics_complementarytrack
192,G_Lyrics_complementarytrack
193,G_Lyrics_complementarytrack
194,G_Lyrics_complementarytrack
195,Y_Special effects_titles
196,Y_Special effects_titles
197,Y_Special effects_titles
198,Y_Special effects_titles
199,Y_Special effects_titles
200,Y_Special effects_titles
201,Y_Special effects_titles
202,Y_Special effects_titles
203,Y_Special effects_titles
204,Y_Special effects_titles
205,Y_Special effects_titles
206,Y_Special effects_titles
207,Y_Special effects_titles
208,Y_Special effects_titles
209,Y_Special effects_titles
210,Y_Special effects_titles
211,Y_Special effects_titles
212,Y_Special effects_titles
213,Y_Special effects_titles
214,Y_Special effects_titles
215,Y_Special effects_titles
216,Y_Special effects_titles
217,Y_Special effects_titles
218,Y_Special effects_titles
219,Y_Special effects_titles
220,Y_Special effects_titles
221,Y_Special effects_titles
222,Y_Special effects_titles
223,Y_Special effects_titles
224,Y_Special effects_titles
225,Y_Special effects_titles
226,Y_Special effects_titles
227,Y_Special effects_titles
228,Y_Special effects_titles
229,Y_Special effects_titles
230,Y_Special effects_titles
231,Y_Special effects_titles
232,Y_Special effects_titles
233,Y_Special effects_titles
234,Y_Special effects_titles
235,Y_Special effects_titles
236,Y_Special effects_titles
237,Y_Special effects_titles
238,Y_Special effects_titles
239,Y_Special effects_titles
240,Y_Special effects_titles
241,Y_Special effects_titles
242,Y_Special effects_titles
243,Y_Special effects_titles
244,Y_Special effects_titles
245,Y_Special effects_titles
246,Y_Special effects_titles
247,Y_Special effects_titles
248,Y_Special effects_titles
249,Y_Special effects_titles
250,Y_Special effects_titles
251,Y_Special effects_titles
252,Y_Special effects_titles
253,Y_Special effects_titles
254,Y_Special effects_titles
255,Y_Special effects_titles
256,Y_Special effects_titles
257,Y_Special effects_titles
258,Y_Special effects_titles
259,Y_Special effects_titles
260,Y_Special effects_titles
261,Y_Special effects_titles
262,Y_Special effects_titles
263,Y_Special effects_titles
264,Y_Special effects_titles
265,Y_Special effects_titles
266,Y_Special effects_titles
267,Y_Special effects_titles
268,Y_Special effects_titles
269,Y_Special effects_titles
270,Y_Special effects_titles
271,Y_Special effects_titles
272,Y_Special effects_titles
273,Y_Special effects_titles
274,Y_Special effects_titles
275,Y_Special effects_titles
276,Y_Special effects_titles
277,Y_Special effects_titles
278,Y_Special effects_titles
279,Y_Special effects_titles
280,Y_Special effects_titles
281,Y_Special effects_titles
282,Y_Special effects_titles
283,Y_Special effects_titles
284,Y_Special effects_titles
285,Y_Special effects_titles
286,Y_Special effects_titles
287,Y_Special effects_titles
288,Y_Special effects_titles
289,Y_Special effects_titles
290,Y_Special effects_titles
291,G_Lyrics_complementarytrack
292,G_Lyrics_complementarytrack
293,G_Lyrics_complementarytrack
294,G_Lyrics_complementarytrack
295,G_Lyrics_complementarytrack
296,G_Lyrics_complementarytrack
297,G_Lyrics_complementarytrack
298,G_Lyrics_complementarytrack
299,G_Lyrics_complementarytrack
300,G_Lyrics_complementarytrack
301,G_Lyrics_complementarytrack
302,G_Lyrics_complementarytrack
303,G_Lyrics_complementarytrack
304,G_Lyrics_complementarytrack
305,G_Lyrics_complementarytrack
306,G_Lyrics_complementarytrack
307,G_Lyrics_complementarytrack
308,G_Lyrics_complementarytrack
309,G_Lyrics_complementarytrack
310,G_Lyrics_complementarytrack
311,G_Lyrics_complementarytrack
312,G_Lyrics_complementarytrack
313,G_Lyrics_complementarytrack
314,G_Lyrics_complementarytrack
315,G_Lyrics_complementarytrack
316,G_Lyrics_complementarytrack
317,G_Lyrics_complementarytrack
318,G_Lyrics_complementarytrack
319,G_Lyrics_complementarytrack
320,G_Lyrics_complementarytrack
321,G_Lyrics_complementarytrack
322,G_Lyrics_complementarytrack
323,G_Lyrics_complementarytrack
324,G_Lyrics_complementarytrack
325,G_Lyrics_complementarytrack
326,G_Lyrics_complementarytrack
327,G_Lyrics_complementarytrack
328,R_Video_footage_overlaps
329,G_Lyrics_complementarytrack
330,G_Lyrics_complementarytrack
331,G_Lyrics_complementarytrack
332,G_Lyrics_complementarytrack
333,G_Lyrics_complementarytrack
334,G_Lyrics_complementarytrack
335,G_Lyrics_complementarytrack
336,G_Lyrics_complementarytrack
337,G_Lyrics_complementarytrack
338,G_Lyrics_complementarytrack
339,G_Lyrics_complementarytrack
340,G_Lyrics_complementarytrack
341,G_Lyrics_complementarytrack
342,G_Lyrics_complementarytrack
343,G_Lyrics_complementarytrack
344,G_Lyrics_complementarytrack
345,G_Lyrics_complementarytrack
346,G_Lyrics_complementarytrack
347,G_Lyrics_complementarytrack
348,G_Lyrics_complementarytrack
349,G_Lyrics_complementarytrack
350,G_Lyrics_complementarytrack
351,G_Lyrics_complementarytrack
352,G_Lyrics_complementarytrack
353,G_Lyrics_complementarytrack
354,G_Lyrics_complementarytrack
355,G_Lyrics_complementarytrack
356,G_Lyrics_complementarytrack
357,G_Lyrics_complementarytrack
358,G_Lyrics_complementarytrack
359,G_Lyrics_complementarytrack
360,G_Lyrics_complementarytrack
361,G_Lyrics_complementarytrack
362,G_Lyrics_complementarytrack
363,G_Lyrics_complementarytrack
364,G_Lyrics_complementarytrack
365,G_Lyrics_complementarytrack
366,G_Lyrics_complementarytrack
367,G_Lyrics_complementarytrack
368,G_Lyrics_complementarytrack
369,G_Lyrics_complementarytrack
370,G_Lyrics_complementarytrack
371,G_Lyrics_complementarytrack
372,G_Lyrics_complementarytrack
373,G_Lyrics_complementarytrack
374,G_Lyrics_complementarytrack
375,G_Lyrics_complementarytrack
376,G_Lyrics_complementarytrack
377,G_Lyrics_complementarytrack
378,G_Lyrics_complementarytrack
379,G_Lyrics_complementarytrack
380,G_Lyrics_complementarytrack
381,G_Lyrics_complementarytrack
382,G_Lyrics_complementarytrack
383,G_Lyrics_complementarytrack
384,G_Lyrics_complementarytrack
385,G_Lyrics_complementarytrack
386,G_Lyrics_complementarytrack
387,G_Lyrics_complementarytrack
388,G_Lyrics_complementarytrack
389,G_Lyrics_complementarytrack
390,G_Lyrics_complementarytrack
391,G_Lyrics_complementarytrack
392,G_Lyrics_complementarytrack
393,G_Lyrics_complementarytrack
394,G_Lyrics_complementarytrack
395,G_Lyrics_complementarytrack
396,G_Lyrics_complementarytrack
397,G_Lyrics_complementarytrack
398,G_Lyrics_complementarytrack
399,G_Lyrics_complementarytrack
400,G_Lyrics_complementarytrack
401,G_Lyrics_complementarytrack
402,G_Lyrics_complementarytrack
403,G_Lyrics_complementarytrack
404,G_Lyrics_complementarytrack
405,G_Lyrics_complementarytrack
406,G_Lyrics_complementarytrack
407,G_Lyrics_complementarytrack
408,G_Lyrics_complementarytrack
409,G_Lyrics_complementarytrack
410,G_Lyrics_complementarytrack
411,G_Lyrics_complementarytrack
412,G_Lyrics_complementarytrack
413,G_Lyrics_complementarytrack
414,G_Lyrics_complementarytrack
415,G_Lyrics_complementarytrack
416,G_Lyrics_complementarytrack
417,G_Lyrics_complementarytrack
418,G_Lyrics_complementarytrack
419,G_Lyrics_complementarytrack
420,G_Lyrics_complementarytrack
421,G_Lyrics_complementarytrack
422,G_Lyrics_complementarytrack
423,B_Instrumental_main-track
424,B_Instrumental_main-track
425,B_Instrumental_main-track
426,B_Instrumental_main-track
427,B_Instrumental_main-track
428,B_Instrumental_main-track
429,B_Instrumental_main-track
430,B_Instrumental_main-track
431,B_Instrumental_main-track
432,B_Instrumental_main-track
433,B_Instrumental_main-track
434,B_Instrumental_main-track
435,B_Instrumental_main-track
436,B_Instrumental_main-track
437,B_Instrumental_main-track
438,B_Instrumental_main-track
439,B_Instrumental_main-track
440,B_Instrumental_main-track
441,B_Instrumental_main-track
442,B_Instrumental_main-track
443,B_Instrumental_main-track
444,B_Instrumental_main-track
445,B_Instrumental_main-track
446,B_Instrumental_main-track
447,B_Instrumental_main-track
448,B_Instrumental_main-track
449,B_Instrumental_main-track
450,B_Instrumental_main-track
451,B_Instrumental_main-track
452,B_Instrumental_main-track
453,B_Instrumental_main-track
454,B_Instrumental_main-track
455,B_Instrumental_main-track
456,B_Instrumental_main-track
457,B_Instrumental_main-track
458,B_Instrumental_main-track
459,B_Instrumental_main-track
460,B_Instrumental_main-track
461,G_Lyrics_complementarytrack
462,G_Lyrics_complementarytrack
463,G_Lyrics_complementarytrack
464,G_Lyrics_complementarytrack
465,G_Lyrics_complementarytrack
466,G_Lyrics_complementarytrack
467,G_Lyrics_complementarytrack
468,G_Lyrics_complementarytrack
469,G_Lyrics_complementarytrack
470,R_Video_footage_overlaps
471,G_Lyrics_complementarytrack
472,G_Lyrics_complementarytrack
473,G_Lyrics_complementarytrack
474,G_Lyrics_complementarytrack
475,G_Lyrics_complementarytrack
476,G_Lyrics_complementarytrack
477,R_Video_footage_overlaps
478,G_Lyrics_complementarytrack
479,G_Lyrics_complementarytrack
480,G_Lyrics_complementarytrack
481,G_Lyrics_complementarytrack
482,G_Lyrics_complementarytrack
483,G_Lyrics_complementarytrack
484,G_Lyrics_complementarytrack
485,G_Lyrics_complementarytrack
486,G_Lyrics_complementarytrack
487,G_Lyrics_complementarytrack
488,G_Lyrics_complementarytrack
489,G_Lyrics_complementarytrack
490,G_Lyrics_complementarytrack
491,G_Lyrics_complementarytrack
492,G_Lyrics_complementarytrack
493,G_Lyrics_complementarytrack
494,G_Lyrics_complementarytrack
495,G_Lyrics_complementarytrack
496,G_Lyrics_complementarytrack
497,G_Lyrics_complementarytrack
498,G_Lyrics_complementarytrack
499,G_Lyrics_complementarytrack
500,G_Lyrics_complementarytrack
501,G_Lyrics_complementarytrack
502,G_Lyrics_complementarytrack
503,G_Lyrics_complementarytrack
504,G_Lyrics_complementarytrack
505,G_Lyrics_complementarytrack
506,G_Lyrics_complementarytrack
507,G_Lyrics_complementarytrack
508,G_Lyrics_complementarytrack
509,G_Lyrics_complementarytrack
510,G_Lyrics_complementarytrack
511,G_Lyrics_complementarytrack
512,G_Lyrics_complementarytrack
513,G_Lyrics_complementarytrack
514,G_Lyrics_complementarytrack
515,G_Lyrics_complementarytrack
516,G_Lyrics_complementarytrack
517,G_Lyrics_complementarytrack
518,G_Lyrics_complementarytrack
519,G_Lyrics_complementarytrack
520,G_Lyrics_complementarytrack
521,G_Lyrics_complementarytrack
522,G_Lyrics_complementarytrack
523,G_Lyrics_complementarytrack
524,G_Lyrics_complementarytrack
525,G_Lyrics_complementarytrack
526,G_Lyrics_complementarytrack
527,G_Lyrics_complementarytrack
528,G_Lyrics_complementarytrack
529,G_Lyrics_complementarytrack
530,G_Lyrics_complementarytrack
531,G_Lyrics_complementarytrack
532,G_Lyrics_complementarytrack
533,G_Lyrics_complementarytrack
534,G_Lyrics_complementarytrack
535,G_Lyrics_complementarytrack
536,G_Lyrics_complementarytrack
537,G_Lyrics_complementarytrack
538,G_Lyrics_complementarytrack
539,G_Lyrics_complementarytrack
540,B_Instrumental_main-track
541,B_Instrumental_main-track
542,B_Instrumental_main-track
543,B_Instrumental_main-track
544,B_Instrumental_main-track
545,B_Instrumental_main-track
546,B_Instrumental_main-track
547,B_Instrumental_main-track
548,B_Instrumental_main-track
549,B_Instrumental_main-track
550,B_Instrumental_main-track
551,B_Instrumental_main-track
552,B_Instrumental_main-track
553,B_Instrumental_main-track
554,B_Instrumental_main-track
555,B_Instrumental_main-track
556,B_Instrumental_main-track
557,B_Instrumental_main-track
558,B_Instrumental_main-track
559,G_Lyrics_complementarytrack
560,G_Lyrics_complementarytrack
561,G_Lyrics_complementarytrack
562,G_Lyrics_complementarytrack
563,G_Lyrics_complementarytrack
564,G_Lyrics_complementarytrack
565,G_Lyrics_complementarytrack
566,G_Lyrics_complementarytrack
567,G_Lyrics_complementarytrack
568,G_Lyrics_complementarytrack
569,G_Lyrics_complementarytrack
570,G_Lyrics_complementarytrack
571,G_Lyrics_complementarytrack
572,G_Lyrics_complementarytrack
573,R_Video_footage_overlaps
574,B_Instrumental_main-track
575,B_Instrumental_main-track
576,B_Instrumental_main-track
577,B_Instrumental_main-track
578,B_Instrumental_main-track
579,B_Instrumental_main-track
580,B_Instrumental_main-track
581,B_Instrumental_main-track
582,B_Instrumental_main-track
583,B_Instrumental_main-track
584,B_Instrumental_main-track
585,B_Instrumental_main-track
586,B_Instrumental_main-track
587,B_Instrumental_main-track
588,B_Instrumental_main-track
589,B_Instrumental_main-track
590,B_Instrumental_main-track
591,B_Instrumental_main-track
592,B_Instrumental_main-track
593,B_Instrumental_main-track
594,B_Instrumental_main-track
595,B_Instrumental_main-track
596,G_Lyrics_complementarytrack
597,G_Lyrics_complementarytrack
598,G_Lyrics_complementarytrack
599,G_Lyrics_complementarytrack
600,G_Lyrics_complementarytrack
601,G_Lyrics_complementarytrack
602,G_Lyrics_complementarytrack
603,G_Lyrics_complementarytrack
604,G_Lyrics_complementarytrack
605,B_Instrumental_main-track
606,B_Instrumental_main-track
607,B_Instrumental_main-track
608,B_Instrumental_main-track
609,B_Instrumental_main-track
610,B_Instrumental_main-track
611,B_Instrumental_main-track
612,B_Instrumental_main-track
613,B_Instrumental_main-track
614,B_Instrumental_main-track
615,B_Instrumental_main-track
616,B_Instrumental_main-track
617,G_Lyrics_complementarytrack
618,G_Lyrics_complementarytrack
619,G_Lyrics_complementarytrack
620,G_Lyrics_complementarytrack
621,G_Lyrics_complementarytrack
622,G_Lyrics_complementarytrack
623,G_Lyrics_complementarytrack
624,G_Lyrics_complementarytrack
625,G_Lyrics_complementarytrack
626,G_Lyrics_complementarytrack
627,G_Lyrics_complementarytrack
628,G_Lyrics_complementarytrack
629,G_Lyrics_complementarytrack
630,G_Lyrics_complementarytrack
631,G_Lyrics_complementarytrack
632,G_Lyrics_complementarytrack
633,G_Lyrics_complementarytrack
634,G_Lyrics_complementarytrack
635,G_Lyrics_complementarytrack
636,G_Lyrics_complementarytrack
637,G_Lyrics_complementarytrack
638,G_Lyrics_complementarytrack
639,G_Lyrics_complementarytrack
640,G_Lyrics_complementarytrack
641,G_Lyrics_complementarytrack
642,G_Lyrics_complementarytrack
643,G_Lyrics_complementarytrack
644,G_Lyrics_complementarytrack
645,G_Lyrics_complementarytrack
646,G_Lyrics_complementarytrack
647,G_Lyrics_complementarytrack
648,G_Lyrics_complementarytrack
649,G_Lyrics_complementarytrack
650,G_Lyrics_complementarytrack
651,G_Lyrics_complementarytrack
652,G_Lyrics_complementarytrack
653,G_Lyrics_complementarytrack
654,G_Lyrics_complementarytrack
655,G_Lyrics_complementarytrack
656,G_Lyrics_complementarytrack
657,G_Lyrics_complementarytrack
658,B_Instrumental_main-track
659,B_Instrumental_main-track
660,B_Instrumental_main-track
661,B_Instrumental_main-track
662,B_Instrumental_main-track
663,B_Instrumental_main-track
664,B_Instrumental_main-track
665,B_Instrumental_main-track
666,B_Instrumental_main-track
667,B_Instrumental_main-track
668,B_Instrumental_main-track
669,B_Instrumental_main-track
670,B_Instrumental_main-track
671,B_Instrumental_main-track
672,B_Instrumental_main-track
673,B_Instrumental_main-track
674,B_Instrumental_main-track
675,B_Instrumental_main-track
676,B_Instrumental_main-track
677,B_Instrumental_main-track
678,B_Instrumental_main-track
679,B_Instrumental_main-track
680,B_Instrumental_main-track
681,B_Instrumental_main-track
682,B_Instrumental_main-track
683,B_Instrumental_main-track
684,B_Instrumental_main-track
685,B_Instrumental_main-track
686,B_Instrumental_main-track
687,B_Instrumental_main-track
688,B_Instrumental_main-track
689,B_Instrumental_main-track
690,B_Instrumental_main-track
691,B_Instrumental_main-track
692,B_Instrumental_main-track
693,B_Instrumental_main-track
694,B_Instrumental_main-track
695,B_Instrumental_main-track
696,B_Instrumental_main-track
697,B_Instrumental_main-track
698,B_Instrumental_main-track
699,B_Instrumental_main-track
700,B_Instrumental_main-track
701,B_Instrumental_main-track
702,B_Instrumental_main-track
703,B_Instrumental_main-track
704,B_Instrumental_main-track
705,B_Instrumental_main-track
706,B_Instrumental_main-track
707,B_Instrumental_main-track
708,B_Instrumental_main-track
709,B_Instrumental_main-track
710,B_Instrumental_main-track
711,B_Instrumental_main-track
712,B_Instrumental_main-track
713,B_Instrumental_main-track
714,B_Instrumental_main-track
715,G_Lyrics_complementarytrack
716,G_Lyrics_complementarytrack
717,G_Lyrics_complementarytrack
718,G_Lyrics_complementarytrack
719,G_Lyrics_complementarytrack
720,G_Lyrics_complementarytrack
721,G_Lyrics_complementarytrack
722,G_Lyrics_complementarytrack
723,G_Lyrics_complementarytrack
724,G_Lyrics_complementarytrack
725,G_Lyrics_complementarytrack
726,G_Lyrics_complementarytrack
727,G_Lyrics_complementarytrack
728,G_Lyrics_complementarytrack
729,G_Lyrics_complementarytrack
730,R_Video_footage_overlaps
731,G_Lyrics_complementarytrack
732,G_Lyrics_complementarytrack
733,G_Lyrics_complementarytrack
734,G_Lyrics_complementarytrack
735,G_Lyrics_complementarytrack
736,G_Lyrics_complementarytrack
737,B_Instrumental_main-track
738,B_Instrumental_main-track
739,B_Instrumental_main-track
740,B_Instrumental_main-track
741,B_Instrumental_main-track
742,B_Instrumental_main-track
743,B_Instrumental_main-track
744,B_Instrumental_main-track
745,B_Instrumental_main-track
746,B_Instrumental_main-track
747,B_Instrumental_main-track
748,B_Instrumental_main-track
749,B_Instrumental_main-track
750,B_Instrumental_main-track
751,B_Instrumental_main-track
752,B_Instrumental_main-track
753,B_Instrumental_main-track
754,B_Instrumental_main-track
755,B_Instrumental_main-track
756,B_Instrumental_main-track
757,B_Instrumental_main-track
758,B_Instrumental_main-track
759,B_Instrumental_main-track
760,B_Instrumental_main-track
761,B_Instrumental_main-track
762,B_Instrumental_main-track
763,B_Instrumental_main-track
764,B_Instrumental_main-track
765,B_Instrumental_main-track
766,B_Instrumental_main-track
767,B_Instrumental_main-track
768,B_Instrumental_main-track
769,B_Instrumental_main-track
770,B_Instrumental_main-track
771,B_Instrumental_main-track
772,B_Instrumental_main-track
773,B_Instrumental_main-track
774,B_Instrumental_main-track
775,B_Instrumental_main-track
776,B_Instrumental_main-track
777,B_Instrumental_main-track
778,B_Instrumental_main-track
779,B_Instrumental_main-track
780,B_Instrumental_main-track
781,B_Instrumental_main-track
782,B_Instrumental_main-track
783,B_Instrumental_main-track
784,B_Instrumental_main-track
785,B_Instrumental_main-track
786,B_Instrumental_main-track
787,B_Instrumental_main-track
788,B_Instrumental_main-track
789,B_Instrumental_main-track
790,B_Instrumental_main-track
791,B_Instrumental_main-track
792,B_Instrumental_main-track
793,B_Instrumental_main-track
794,B_Instrumental_main-track
795,B_Instrumental_main-track
796,B_Instrumental_main-track
797,B_Instrumental_main-track
798,B_Instrumental_main-track
799,B_Instrumental_main-track
800,B_Instrumental_main-track
801,B_Instrumental_main-track
802,B_Instrumental_main-track
803,B_Instrumental_main-track
804,B_Instrumental_main-track
805,B_Instrumental_main-track
806,B_Instrumental_main-track
807,B_Instrumental_main-track
808,B_Instrumental_main-track
809,B_Instrumental_main-track
810,B_Instrumental_main-track
811,B_Instrumental_main-track
812,B_Instrumental_main-track
813,B_Instrumental_main-track
814,B_Instrumental_main-track
815,B_Instrumental_main-track
816,B_Instrumental_main-track
817,B_Instrumental_main-track
818,B_Instrumental_main-track
819,B_Instrumental_main-track
820,B_Instrumental_main-track
821,B_Instrumental_main-track
822,B_Instrumental_main-track
823,B_Instrumental_main-track
824,B_Instrumental_main-track
825,B_Instrumental_main-track
826,B_Instrumental_main-track
827,B_Instrumental_main-track
828,B_Instrumental_main-track
829,G_Lyrics_complementarytrack
830,G_Lyrics_complementarytrack
831,G_Lyrics_complementarytrack
832,G_Lyrics_complementarytrack
833,G_Lyrics_complementarytrack
834,G_Lyrics_complementarytrack
835,G_Lyrics_complementarytrack
836,G_Lyrics_complementarytrack
837,G_Lyrics_complementarytrack
838,G_Lyrics_complementarytrack
839,G_Lyrics_complementarytrack
840,G_Lyrics_complementarytrack
841,G_Lyrics_complementarytrack
842,G_Lyrics_complementarytrack
843,G_Lyrics_complementarytrack
844,G_Lyrics_complementarytrack
845,G_Lyrics_complementarytrack
846,G_Lyrics_complementarytrack
847,G_Lyrics_complementarytrack
848,G_Lyrics_complementarytrack
849,G_Lyrics_complementarytrack
850,G_Lyrics_complementarytrack
851,G_Lyrics_complementarytrack
852,G_Lyrics_complementarytrack
853,G_Lyrics_complementarytrack
854,Y_Special effects_titles
855,Y_Special effects_titles
856,Y_Special effects_titles
857,G_Lyrics_complementarytrack
858,G_Lyrics_complementarytrack
859,G_Lyrics_complementarytrack
860,G_Lyrics_complementarytrack
861,G_Lyrics_complementarytrack
862,G_Lyrics_complementarytrack
863,G_Lyrics_complementarytrack
864,G_Lyrics_complementarytrack
865,G_Lyrics_complementarytrack
866,G_Lyrics_complementarytrack
867,G_Lyrics_complementarytrack
868,G_Lyrics_complementarytrack
869,G_Lyrics_complementarytrack
870,G_Lyrics_complementarytrack
871,G_Lyrics_complementarytrack
872,G_Lyrics_complementarytrack
873,G_Lyrics_complementarytrack
874,G_Lyrics_complementarytrack
875,G_Lyrics_complementarytrack
876,G_Lyrics_complementarytrack
877,G_Lyrics_complementarytrack
878,G_Lyrics_complementarytrack
879,G_Lyrics_complementarytrack
880,Y_Special effects_titles
881,Y_Special effects_titles
882,Y_Special effects_titles
883,Y_Special effects_titles
884,Y_Special effects_titles
885,Y_Special effects_titles
886,Y_Special effects_titles
887,Y_Special effects_titles
888,Y_Special effects_titles
889,Y_Special effects_titles
890,G_Lyrics_complementarytrack
891,G_Lyrics_complementarytrack
892,G_Lyrics_complementarytrack
893,G_Lyrics_complementarytrack
894,G_Lyrics_complementarytrack
895,G_Lyrics_complementarytrack
896,G_Lyrics_complementarytrack
897,G_Lyrics_complementarytrack
898,G_Lyrics_complementarytrack
899,G_Lyrics_complementarytrack
900,G_Lyrics_complementarytrack
901,G_Lyrics_complementarytrack
902,G_Lyrics_complementarytrack
903,G_Lyrics_complementarytrack
904,G_Lyrics_complementarytrack
905,G_Lyrics_complementarytrack
906,G_Lyrics_complementarytrack
907,G_Lyrics_complementarytrack
908,G_Lyrics_complementarytrack
909,G_Lyrics_complementarytrack
910,G_Lyrics_complementarytrack
911,G_Lyrics_complementarytrack
912,G_Lyrics_complementarytrack
913,G_Lyrics_complementarytrack
914,G_Lyrics_complementarytrack
915,G_Lyrics_complementarytrack
916,G_Lyrics_complementarytrack
917,G_Lyrics_complementarytrack
918,G_Lyrics_complementarytrack
919,G_Lyrics_complementarytrack
920,G_Lyrics_complementarytrack
921,G_Lyrics_complementarytrack
922,G_Lyrics_complementarytrack
923,G_Lyrics_complementarytrack
924,G_Lyrics_complementarytrack
925,G_Lyrics_complementarytrack
926,G_Lyrics_complementarytrack
927,G_Lyrics_complementarytrack
928,G_Lyrics_complementarytrack
929,G_Lyrics_complementarytrack
930,G_Lyrics_complementarytrack
931,G_Lyrics_complementarytrack
932,G_Lyrics_complementarytrack
933,G_Lyrics_complementarytrack
934,G_Lyrics_complementarytrack
935,G_Lyrics_complementarytrack
936,G_Lyrics_complementarytrack
937,G_Lyrics_complementarytrack
938,G_Lyrics_complementarytrack
939,G_Lyrics_complementarytrack
940,G_Lyrics_complementarytrack
941,G_Lyrics_complementarytrack
942,G_Lyrics_complementarytrack
943,G_Lyrics_complementarytrack
944,G_Lyrics_complementarytrack
945,G_Lyrics_complementarytrack
946,G_Lyrics_complementarytrack
947,G_Lyrics_complementarytrack
948,G_Lyrics_complementarytrack
949,G_Lyrics_complementarytrack
950,G_Lyrics_complementarytrack
951,G_Lyrics_complementarytrack
952,G_Lyrics_complementarytrack
953,G_Lyrics_complementarytrack
954,G_Lyrics_complementarytrack
955,G_Lyrics_complementarytrack
956,G_Lyrics_complementarytrack
957,G_Lyrics_complementarytrack
958,G_Lyrics_complementarytrack
959,G_Lyrics_complementarytrack
960,G_Lyrics_complementarytrack
961,G_Lyrics_complementarytrack
962,G_Lyrics_complementarytrack
963,G_Lyrics_complementarytrack
964,G_Lyrics_complementarytrack
965,G_Lyrics_complementarytrack
966,G_Lyrics_complementarytrack
967,G_Lyrics_complementarytrack
968,G_Lyrics_complementarytrack
969,G_Lyrics_complementarytrack
970,G_Lyrics_complementarytrack
971,G_Lyrics_complementarytrack
972,G_Lyrics_complementarytrack
973,G_Lyrics_complementarytrack
974,G_Lyrics_complementarytrack
975,G_Lyrics_complementarytrack
976,G_Lyrics_complementarytrack
977,G_Lyrics_complementarytrack
978,G_Lyrics_complementarytrack
979,G_Lyrics_complementarytrack
980,G_Lyrics_complementarytrack
981,G_Lyrics_complementarytrack
982,G_Lyrics_complementarytrack
983,G_Lyrics_complementarytrack
984,G_Lyrics_complementarytrack
985,G_Lyrics_complementarytrack
986,G_Lyrics_complementarytrack
987,G_Lyrics_complementarytrack
988,G_Lyrics_complementarytrack
989,G_Lyrics_complementarytrack
990,G_Lyrics_complementarytrack
991,G_Lyrics_complementarytrack
992,G_Lyrics_complementarytrack
993,G_Lyrics_complementarytrack
994,G_Lyrics_complementarytrack
995,G_Lyrics_complementarytrack
996,G_Lyrics_complementarytrack
997,G_Lyrics_complementarytrack
998,G_Lyrics_complementarytrack
999,G_Lyrics_complementarytrack
1000,G_Lyrics_complementarytrack
1001,G_Lyrics_complementarytrack
1002,Y_Special effects_titles
1003,G_Lyrics_complementarytrack
1004,G_Lyrics_complementarytrack
1005,G_Lyrics_complementarytrack
1006,G_Lyrics_complementarytrack
1007,G_Lyrics_complementarytrack
1008,G_Lyrics_complementarytrack
1009,G_Lyrics_complementarytrack
1010,G_Lyrics_complementarytrack
1011,G_Lyrics_complementarytrack
1012,G_Lyrics_complementarytrack
1013,G_Lyrics_complementarytrack
1014,G_Lyrics_complementarytrack
1015,G_Lyrics_complementarytrack
1016,G_Lyrics_complementarytrack
1017,G_Lyrics_complementarytrack
1018,G_Lyrics_complementarytrack
1019,G_Lyrics_complementarytrack
1020,G_Lyrics_complementarytrack
1021,G_Lyrics_complementarytrack
1022,G_Lyrics_complementarytrack
1023,G_Lyrics_complementarytrack
1024,G_Lyrics_complementarytrack
1025,G_Lyrics_complementarytrack
1026,G_Lyrics_complementarytrack
1027,G_Lyrics_complementarytrack
1028,G_Lyrics_complementarytrack
1029,G_Lyrics_complementarytrack
1030,G_Lyrics_complementarytrack
1031,G_Lyrics_complementarytrack
1032,G_Lyrics_complementarytrack
1033,G_Lyrics_complementarytrack
1034,G_Lyrics_complementarytrack
1035,G_Lyrics_complementarytrack
1036,G_Lyrics_complementarytrack
1037,G_Lyrics_complementarytrack
1038,G_Lyrics_complementarytrack
1039,G_Lyrics_complementarytrack
1040,G_Lyrics_complementarytrack
1041,G_Lyrics_complementarytrack
1042,G_Lyrics_complementarytrack
1043,G_Lyrics_complementarytrack
1044,G_Lyrics_complementarytrack
1045,G_Lyrics_complementarytrack
1046,G_Lyrics_complementarytrack
1047,G_Lyrics_complementarytrack
1048,G_Lyrics_complementarytrack
1049,G_Lyrics_complementarytrack
1050,G_Lyrics_complementarytrack
1051,G_Lyrics_complementarytrack
1052,G_Lyrics_complementarytrack
1053,G_Lyrics_complementarytrack
1054,G_Lyrics_complementarytrack
1055,G_Lyrics_complementarytrack
1056,G_Lyrics_complementarytrack
1057,G_Lyrics_complementarytrack
1058,G_Lyrics_complementarytrack
1059,G_Lyrics_complementarytrack
1060,G_Lyrics_complementarytrack
1061,G_Lyrics_complementarytrack
1062,G_Lyrics_complementarytrack
1063,G_Lyrics_complementarytrack
1064,G_Lyrics_complementarytrack
1065,G_Lyrics_complementarytrack
1066,G_Lyrics_complementarytrack
1067,G_Lyrics_complementarytrack
1068,G_Lyrics_complementarytrack
1069,G_Lyrics_complementarytrack
1070,G_Lyrics_complementarytrack
1071,G_Lyrics_complementarytrack
1072,G_Lyrics_complementarytrack
1073,G_Lyrics_complementarytrack
1074,G_Lyrics_complementarytrack
1075,G_Lyrics_complementarytrack
1076,G_Lyrics_complementarytrack
1077,G_Lyrics_complementarytrack
1078,G_Lyrics_complementarytrack
1079,G_Lyrics_complementarytrack
1080,G_Lyrics_complementarytrack
1081,G_Lyrics_complementarytrack
1082,G_Lyrics_complementarytrack
1083,G_Lyrics_complementarytrack
1084,G_Lyrics_complementarytrack
1085,G_Lyrics_complementarytrack
1086,G_Lyrics_complementarytrack
1087,G_Lyrics_complementarytrack
1088,G_Lyrics_complementarytrack
1089,G_Lyrics_complementarytrack
1090,G_Lyrics_complementarytrack
1091,G_Lyrics_complementarytrack
1092,G_Lyrics_complementarytrack
1093,G_Lyrics_complementarytrack
1094,G_Lyrics_complementarytrack
1095,G_Lyrics_complementarytrack
1096,G_Lyrics_complementarytrack
1097,G_Lyrics_complementarytrack
1098,G_Lyrics_complementarytrack
1099,G_Lyrics_complementarytrack
1100,G_Lyrics_complementarytrack
1101,G_Lyrics_complementarytrack
1102,G_Lyrics_complementarytrack
1103,G_Lyrics_complementarytrack
1104,G_Lyrics_complementarytrack
1105,G_Lyrics_complementarytrack
1106,G_Lyrics_complementarytrack
1107,G_Lyrics_complementarytrack
1108,G_Lyrics_complementarytrack
1109,G_Lyrics_complementarytrack
1110,G_Lyrics_complementarytrack
1111,G_Lyrics_complementarytrack
1112,G_Lyrics_complementarytrack
1113,B_Instrumental_main-track
1114,B_Instrumental_main-track
1115,B_Instrumental_main-track
1116,B_Instrumental_main-track
1117,B_Instrumental_main-track
1118,B_Instrumental_main-track
1119,B_Instrumental_main-track
1120,B_Instrumental_main-track
1121,B_Instrumental_main-track
1122,B_Instrumental_main-track
1123,B_Instrumental_main-track
1124,B_Instrumental_main-track
1125,B_Instrumental_main-track
1126,B_Instrumental_main-track
1127,B_Instrumental_main-track
1128,B_Instrumental_main-track
1129,B_Instrumental_main-track
1130,B_Instrumental_main-track
1131,B_Instrumental_main-track
1132,B_Instrumental_main-track
1133,B_Instrumental_main-track
1134,B_Instrumental_main-track
1135,B_Instrumental_main-track
1136,B_Instrumental_main-track
1137,B_Instrumental_main-track
1138,B_Instrumental_main-track
1139,B_Instrumental_main-track
1140,B_Instrumental_main-track
1141,B_Instrumental_main-track
1142,B_Instrumental_main-track
1143,B_Instrumental_main-track
1144,B_Instrumental_main-track
1145,B_Instrumental_main-track
1146,B_Instrumental_main-track
1147,B_Instrumental_main-track
1148,B_Instrumental_main-track
1149,B_Instrumental_main-track
1150,B_Instrumental_main-track
1151,B_Instrumental_main-track
1152,B_Instrumental_main-track
1153,B_Instrumental_main-track
1154,B_Instrumental_main-track
1155,B_Instrumental_main-track
1156,G_Lyrics_complementarytrack
1157,G_Lyrics_complementarytrack
1158,G_Lyrics_complementarytrack
1159,G_Lyrics_complementarytrack
1160,G_Lyrics_complementarytrack
1161,G_Lyrics_complementarytrack
1162,G_Lyrics_complementarytrack
1163,G_Lyrics_complementarytrack
1164,G_Lyrics_complementarytrack
1165,G_Lyrics_complementarytrack
1166,G_Lyrics_complementarytrack
1167,G_Lyrics_complementarytrack
1168,G_Lyrics_complementarytrack
1169,G_Lyrics_complementarytrack
1170,G_Lyrics_complementarytrack
1171,G_Lyrics_complementarytrack
1172,G_Lyrics_complementarytrack
1173,G_Lyrics_complementarytrack
1174,G_Lyrics_complementarytrack
1175,G_Lyrics_complementarytrack
1176,G_Lyrics_complementarytrack
1177,G_Lyrics_complementarytrack
1178,G_Lyrics_complementarytrack
1179,G_Lyrics_complementarytrack
1180,G_Lyrics_complementarytrack
1181,G_Lyrics_complementarytrack
1182,G_Lyrics_complementarytrack
1183,G_Lyrics_complementarytrack
1184,G_Lyrics_complementarytrack
1185,G_Lyrics_complementarytrack
1186,G_Lyrics_complementarytrack
1187,G_Lyrics_complementarytrack
1188,G_Lyrics_complementarytrack
1189,G_Lyrics_complementarytrack
1190,G_Lyrics_complementarytrack
1191,G_Lyrics_complementarytrack
1192,G_Lyrics_complementarytrack
1193,G_Lyrics_complementarytrack
1194,G_Lyrics_complementarytrack
1195,G_Lyrics_complementarytrack
1196,G_Lyrics_complementarytrack
1197,G_Lyrics_complementarytrack
1198,G_Lyrics_complementarytrack
1199,G_Lyrics_complementarytrack
1200,G_Lyrics_complementarytrack
1201,G_Lyrics_complementarytrack
1202,G_Lyrics_complementarytrack
1203,G_Lyrics_complementarytrack
1204,G_Lyrics_complementarytrack
1205,B_Instrumental_main-track
1206,B_Instrumental_main-track
1207,B_Instrumental_main-track
1208,B_Instrumental_main-track
1209,B_Instrumental_main-track
1210,B_Instrumental_main-track
1211,B_Instrumental_main-track
1212,B_Instrumental_main-track
1213,B_Instrumental_main-track
1214,B_Instrumental_main-track
1215,B_Instrumental_main-track
1216,B_Instrumental_main-track
1217,B_Instrumental_main-track
1218,B_Instrumental_main-track
1219,B_Instrumental_main-track
1220,B_Instrumental_main-track
1221,B_Instrumental_main-track
1222,B_Instrumental_main-track
1223,B_Instrumental_main-track
1224,B_Instrumental_main-track
1225,B_Instrumental_main-track
1226,B_Instrumental_main-track
1227,B_Instrumental_main-track
1228,B_Instrumental_main-track
1229,G_Lyrics_complementarytrack
1230,G_Lyrics_complementarytrack
1231,G_Lyrics_complementarytrack
1232,G_Lyrics_complementarytrack
1233,G_Lyrics_complementarytrack
1234,G_Lyrics_complementarytrack
1235,G_Lyrics_complementarytrack
1236,G_Lyrics_complementarytrack
1237,G_Lyrics_complementarytrack
1238,G_Lyrics_complementarytrack
1239,G_Lyrics_complementarytrack
1240,G_Lyrics_complementarytrack
1241,G_Lyrics_complementarytrack
1242,G_Lyrics_complementarytrack
1243,G_Lyrics_complementarytrack
1244,G_Lyrics_complementarytrack
1245,G_Lyrics_complementarytrack
1246,G_Lyrics_complementarytrack
1247,G_Lyrics_complementarytrack
1248,G_Lyrics_complementarytrack
1249,G_Lyrics_complementarytrack
1250,G_Lyrics_complementarytrack
1251,R_Video_footage_overlaps
1252,R_Video_footage_overlaps
1253,G_Lyrics_complementarytrack
1254,G_Lyrics_complementarytrack
1255,G_Lyrics_complementarytrack
1256,G_Lyrics_complementarytrack
1257,G_Lyrics_complementarytrack
1258,G_Lyrics_complementarytrack
1259,G_Lyrics_complementarytrack
1260,G_Lyrics_complementarytrack
1261,G_Lyrics_complementarytrack
1262,G_Lyrics_complementarytrack
1263,G_Lyrics_complementarytrack
1264,R_Video_footage_overlaps
1265,B_Instrumental_main-track
1266,B_Instrumental_main-track
1267,B_Instrumental_main-track
1268,B_Instrumental_main-track
1269,B_Instrumental_main-track
1270,B_Instrumental_main-track
1271,B_Instrumental_main-track
1272,B_Instrumental_main-track
1273,B_Instrumental_main-track
1274,B_Instrumental_main-track
1275,B_Instrumental_main-track
1276,B_Instrumental_main-track
1277,B_Instrumental_main-track
1278,B_Instrumental_main-track
1279,B_Instrumental_main-track
1280,B_Instrumental_main-track
1281,B_Instrumental_main-track
1282,B_Instrumental_main-track
1283,B_Instrumental_main-track
1284,B_Instrumental_main-track
1285,B_Instrumental_main-track
1286,B_Instrumental_main-track
1287,B_Instrumental_main-track
1288,B_Instrumental_main-track
1289,B_Instrumental_main-track
1290,B_Instrumental_main-track
1291,B_Instrumental_main-track
1292,B_Instrumental_main-track
1293,B_Instrumental_main-track
1294,B_Instrumental_main-track
1295,B_Instrumental_main-track
1296,B_Instrumental_main-track
1297,B_Instrumental_main-track
1298,B_Instrumental_main-track
1299,B_Instrumental_main-track
1300,B_Instrumental_main-track
1301,B_Instrumental_main-track
1302,B_Instrumental_main-track
1303,B_Instrumental_main-track
1304,B_Instrumental_main-track
1305,B_Instrumental_main-track
1306,B_Instrumental_main-track
1307,B_Instrumental_main-track
1308,G_Lyrics_complementarytrack
1309,G_Lyrics_complementarytrack
1310,G_Lyrics_complementarytrack
1311,G_Lyrics_complementarytrack
1312,G_Lyrics_complementarytrack
1313,G_Lyrics_complementarytrack
1314,G_Lyrics_complementarytrack
1315,G_Lyrics_complementarytrack
1316,G_Lyrics_complementarytrack
1317,G_Lyrics_complementarytrack
1318,G_Lyrics_complementarytrack
1319,G_Lyrics_complementarytrack
1320,G_Lyrics_complementarytrack
1321,G_Lyrics_complementarytrack
1322,G_Lyrics_complementarytrack
1323,G_Lyrics_complementarytrack
1324,G_Lyrics_complementarytrack
1325,G_Lyrics_complementarytrack
1326,G_Lyrics_complementarytrack
1327,G_Lyrics_complementarytrack
1328,Y_Special effects_titles
1329,Y_Special effects_titles
1330,G_Lyrics_complementarytrack
1331,G_Lyrics_complementarytrack
1332,G_Lyrics_complementarytrack
1333,G_Lyrics_complementarytrack
1334,G_Lyrics_complementarytrack
1335,G_Lyrics_complementarytrack
1336,G_Lyrics_complementarytrack
1337,G_Lyrics_complementarytrack
1338,G_Lyrics_complementarytrack
1339,G_Lyrics_complementarytrack
1340,R_Video_footage_overlaps
1341,R_Video_footage_overlaps
1342,R_Video_footage_overlaps
1343,G_Lyrics_complementarytrack
1344,G_Lyrics_complementarytrack
1345,G_Lyrics_complementarytrack
1346,G_Lyrics_complementarytrack
1347,G_Lyrics_complementarytrack
1348,R_Video_footage_overlaps
1349,B_Instrumental_main-track
1350,B_Instrumental_main-track
1351,B_Instrumental_main-track
1352,B_Instrumental_main-track
1353,B_Instrumental_main-track
1354,B_Instrumental_main-track
1355,B_Instrumental_main-track
1356,B_Instrumental_main-track
1357,B_Instrumental_main-track
1358,B_Instrumental_main-track
1359,B_Instrumental_main-track
1360,B_Instrumental_main-track
1361,B_Instrumental_main-track
1362,B_Instrumental_main-track
1363,B_Instrumental_main-track
1364,B_Instrumental_main-track
1365,B_Instrumental_main-track
1366,B_Instrumental_main-track
1367,B_Instrumental_main-track
1368,B_Instrumental_main-track
1369,B_Instrumental_main-track
1370,B_Instrumental_main-track
1371,B_Instrumental_main-track
1372,B_Instrumental_main-track
1373,B_Instrumental_main-track
1374,B_Instrumental_main-track
1375,B_Instrumental_main-track
1376,B_Instrumental_main-track
1377,B_Instrumental_main-track
1378,B_Instrumental_main-track
1379,G_Lyrics_complementarytrack
1380,G_Lyrics_complementarytrack
1381,G_Lyrics_complementarytrack
1382,G_Lyrics_complementarytrack
1383,G_Lyrics_complementarytrack
1384,G_Lyrics_complementarytrack
1385,G_Lyrics_complementarytrack
1386,G_Lyrics_complementarytrack
1387,G_Lyrics_complementarytrack
1388,G_Lyrics_complementarytrack
1389,G_Lyrics_complementarytrack
1390,G_Lyrics_complementarytrack
1391,G_Lyrics_complementarytrack
1392,G_Lyrics_complementarytrack
1393,G_Lyrics_complementarytrack
1394,G_Lyrics_complementarytrack
1395,G_Lyrics_complementarytrack
1396,G_Lyrics_complementarytrack
1397,G_Lyrics_complementarytrack
1398,G_Lyrics_complementarytrack
1399,G_Lyrics_complementarytrack
1400,G_Lyrics_complementarytrack
1401,G_Lyrics_complementarytrack
1402,G_Lyrics_complementarytrack
1403,G_Lyrics_complementarytrack
1404,G_Lyrics_complementarytrack
1405,G_Lyrics_complementarytrack
1406,G_Lyrics_complementarytrack
1407,G_Lyrics_complementarytrack
1408,G_Lyrics_complementarytrack
1409,G_Lyrics_complementarytrack
1410,G_Lyrics_complementarytrack
1411,G_Lyrics_complementarytrack
1412,G_Lyrics_complementarytrack
1413,G_Lyrics_complementarytrack
1414,G_Lyrics_complementarytrack
1415,G_Lyrics_complementarytrack
1416,G_Lyrics_complementarytrack
1417,G_Lyrics_complementarytrack
1418,G_Lyrics_complementarytrack
1419,G_Lyrics_complementarytrack
1420,G_Lyrics_complementarytrack
1421,G_Lyrics_complementarytrack
1422,G_Lyrics_complementarytrack
1423,G_Lyrics_complementarytrack
1424,G_Lyrics_complementarytrack
1425,B_Instrumental_main-track
1426,B_Instrumental_main-track
1427,B_Instrumental_main-track
1428,B_Instrumental_main-track
1429,B_Instrumental_main-track
1430,B_Instrumental_main-track
1431,B_Instrumental_main-track
1432,B_Instrumental_main-track
1433,B_Instrumental_main-track
1434,B_Instrumental_main-track
1435,B_Instrumental_main-track
1436,B_Instrumental_main-track
1437,B_Instrumental_main-track
1438,B_Instrumental_main-track
1439,B_Instrumental_main-track
1440,B_Instrumental_main-track
1441,B_Instrumental_main-track
1442,B_Instrumental_main-track
1443,B_Instrumental_main-track
1444,B_Instrumental_main-track
1445,B_Instrumental_main-track
1446,B_Instrumental_main-track
1447,B_Instrumental_main-track
1448,B_Instrumental_main-track
1449,B_Instrumental_main-track
1450,B_Instrumental_main-track
1451,B_Instrumental_main-track
1452,B_Instrumental_main-track
1453,B_Instrumental_main-track
1454,B_Instrumental_main-track
1455,B_Instrumental_main-track
1456,B_Instrumental_main-track
1457,B_Instrumental_main-track
1458,B_Instrumental_main-track
1459,B_Instrumental_main-track
1460,B_Instrumental_main-track
1461,B_Instrumental_main-track
1462,B_Instrumental_main-track
1463,B_Instrumental_main-track
1464,B_Instrumental_main-track
1465,B_Instrumental_main-track
1466,B_Instrumental_main-track
1467,G_Lyrics_complementarytrack
1468,G_Lyrics_complementarytrack
1469,G_Lyrics_complementarytrack
1470,G_Lyrics_complementarytrack
1471,G_Lyrics_complementarytrack
1472,G_Lyrics_complementarytrack
1473,G_Lyrics_complementarytrack
1474,G_Lyrics_complementarytrack
1475,G_Lyrics_complementarytrack
1476,G_Lyrics_complementarytrack
1477,G_Lyrics_complementarytrack
1478,G_Lyrics_complementarytrack
1479,G_Lyrics_complementarytrack
1480,G_Lyrics_complementarytrack
1481,R_Video_footage_overlaps
1482,R_Video_footage_overlaps
1483,R_Video_footage_overlaps
1484,G_Lyrics_complementarytrack
1485,G_Lyrics_complementarytrack
1486,G_Lyrics_complementarytrack
1487,G_Lyrics_complementarytrack
1488,R_Video_footage_overlaps
1489,R_Video_footage_overlaps
1490,G_Lyrics_complementarytrack
1491,G_Lyrics_complementarytrack
1492,G_Lyrics_complementarytrack
1493,G_Lyrics_complementarytrack
1494,G_Lyrics_complementarytrack
1495,G_Lyrics_complementarytrack
1496,G_Lyrics_complementarytrack
1497,G_Lyrics_complementarytrack
1498,G_Lyrics_complementarytrack
1499,G_Lyrics_complementarytrack
1500,G_Lyrics_complementarytrack
1501,G_Lyrics_complementarytrack
1502,G_Lyrics_complementarytrack
1503,G_Lyrics_complementarytrack
1504,G_Lyrics_complementarytrack
1505,B_Instrumental_main-track
1506,B_Instrumental_main-track
1507,B_Instrumental_main-track
1508,B_Instrumental_main-track
1509,B_Instrumental_main-track
1510,B_Instrumental_main-track
1511,B_Instrumental_main-track
1512,B_Instrumental_main-track
1513,B_Instrumental_main-track
1514,B_Instrumental_main-track
1515,B_Instrumental_main-track
1516,B_Instrumental_main-track
1517,B_Instrumental_main-track
1518,B_Instrumental_main-track
1519,B_Instrumental_main-track
1520,B_Instrumental_main-track
1521,B_Instrumental_main-track
1522,B_Instrumental_main-track
1523,B_Instrumental_main-track
1524,B_Instrumental_main-track
1525,B_Instrumental_main-track
1526,B_Instrumental_main-track
1527,B_Instrumental_main-track
1528,B_Instrumental_main-track
1529,B_Instrumental_main-track
1530,B_Instrumental_main-track
1531,B_Instrumental_main-track
1532,B_Instrumental_main-track
1533,B_Instrumental_main-track
1534,B_Instrumental_main-track
1535,B_Instrumental_main-track
1536,B_Instrumental_main-track
1537,B_Instrumental_main-track
1538,B_Instrumental_main-track
1539,B_Instrumental_main-track
1540,B_Instrumental_main-track
1541,B_Instrumental_main-track
1542,B_Instrumental_main-track
1543,B_Instrumental_main-track
1544,B_Instrumental_main-track
1545,B_Instrumental_main-track
1546,B_Instrumental_main-track
1547,B_Instrumental_main-track
1548,B_Instrumental_main-track
1549,B_Instrumental_main-track
1550,B_Instrumental_main-track
1551,B_Instrumental_main-track
1552,B_Instrumental_main-track
1553,B_Instrumental_main-track
1554,B_Instrumental_main-track
1555,B_Instrumental_main-track
1556,B_Instrumental_main-track
1557,B_Instrumental_main-track
1558,B_Instrumental_main-track
1559,B_Instrumental_main-track
1560,B_Instrumental_main-track
1561,B_Instrumental_main-track
1562,B_Instrumental_main-track
1563,B_Instrumental_main-track
1564,B_Instrumental_main-track
1565,B_Instrumental_main-track
1566,B_Instrumental_main-track
1567,B_Instrumental_main-track
1568,B_Instrumental_main-track
1569,B_Instrumental_main-track
1570,B_Instrumental_main-track
1571,B_Instrumental_main-track
1572,B_Instrumental_main-track
1573,B_Instrumental_main-track
1574,B_Instrumental_main-track
1575,B_Instrumental_main-track
1576,B_Instrumental_main-track
1577,B_Instrumental_main-track
1578,B_Instrumental_main-track
1579,B_Instrumental_main-track
1580,B_Instrumental_main-track
1581,B_Instrumental_main-track
1582,B_Instrumental_main-track
1583,B_Instrumental_main-track
1584,B_Instrumental_main-track
1585,B_Instrumental_main-track
1586,B_Instrumental_main-track
1587,B_Instrumental_main-track
1588,B_Instrumental_main-track
1589,B_Instrumental_main-track
1590,B_Instrumental_main-track
1591,B_Instrumental_main-track
1592,B_Instrumental_main-track
1593,B_Instrumental_main-track
1594,B_Instrumental_main-track
1595,B_Instrumental_main-track
1596,B_Instrumental_main-track
1597,B_Instrumental_main-track
1598,B_Instrumental_main-track
1599,B_Instrumental_main-track
1600,B_Instrumental_main-track
1601,B_Instrumental_main-track
1602,B_Instrumental_main-track
1603,B_Instrumental_main-track
1604,B_Instrumental_main-track
1605,B_Instrumental_main-track
1606,B_Instrumental_main-track
1607,B_Instrumental_main-track
1608,B_Instrumental_main-track
1609,B_Instrumental_main-track
1610,B_Instrumental_main-track
1611,B_Instrumental_main-track
1612,B_Instrumental_main-track
1613,B_Instrumental_main-track
1614,B_Instrumental_main-track
1615,B_Instrumental_main-track
1616,B_Instrumental_main-track
1617,B_Instrumental_main-track
1618,B_Instrumental_main-track
1619,B_Instrumental_main-track
1620,R_Video_footage_overlaps
1621,R_Video_footage_overlaps
1622,R_Video_footage_overlaps
1623,G_Lyrics_complementarytrack
1624,G_Lyrics_complementarytrack
1625,G_Lyrics_complementarytrack
1626,G_Lyrics_complementarytrack
1627,G_Lyrics_complementarytrack
1628,G_Lyrics_complementarytrack
1629,G_Lyrics_complementarytrack
1630,G_Lyrics_complementarytrack
1631,R_Video_footage_overlaps
1632,G_Lyrics_complementarytrack
1633,G_Lyrics_complementarytrack
1634,G_Lyrics_complementarytrack
1635,G_Lyrics_complementarytrack
1636,G_Lyrics_complementarytrack
1637,G_Lyrics_complementarytrack
1638,G_Lyrics_complementarytrack
1639,G_Lyrics_complementarytrack
1640,G_Lyrics_complementarytrack
1641,G_Lyrics_complementarytrack
1642,G_Lyrics_complementarytrack
1643,G_Lyrics_complementarytrack
1644,G_Lyrics_complementarytrack
1645,G_Lyrics_complementarytrack
1646,G_Lyrics_complementarytrack
1647,G_Lyrics_complementarytrack
1648,G_Lyrics_complementarytrack
1649,G_Lyrics_complementarytrack
1650,G_Lyrics_complementarytrack
1651,G_Lyrics_complementarytrack
1652,G_Lyrics_complementarytrack
1653,G_Lyrics_complementarytrack
1654,R_Video_footage_overlaps
1655,G_Lyrics_complementarytrack
1656,G_Lyrics_complementarytrack
1657,G_Lyrics_complementarytrack
1658,G_Lyrics_complementarytrack
1659,G_Lyrics_complementarytrack
1660,B_Instrumental_main-track
1661,B_Instrumental_main-track
1662,B_Instrumental_main-track
1663,B_Instrumental_main-track
1664,B_Instrumental_main-track
1665,B_Instrumental_main-track
1666,B_Instrumental_main-track
1667,B_Instrumental_main-track
1668,B_Instrumental_main-track
1669,B_Instrumental_main-track
1670,B_Instrumental_main-track
1671,B_Instrumental_main-track
1672,B_Instrumental_main-track
1673,B_Instrumental_main-track
1674,B_Instrumental_main-track
1675,B_Instrumental_main-track
1676,B_Instrumental_main-track
1677,B_Instrumental_main-track
1678,B_Instrumental_main-track
1679,B_Instrumental_main-track
1680,B_Instrumental_main-track
1681,B_Instrumental_main-track
1682,B_Instrumental_main-track
1683,B_Instrumental_main-track
1684,B_Instrumental_main-track
1685,B_Instrumental_main-track
1686,B_Instrumental_main-track
1687,B_Instrumental_main-track
1688,B_Instrumental_main-track
1689,B_Instrumental_main-track
1690,B_Instrumental_main-track
1691,B_Instrumental_main-track
1692,B_Instrumental_main-track
1693,B_Instrumental_main-track
1694,B_Instrumental_main-track
1695,B_Instrumental_main-track
1696,B_Instrumental_main-track
1697,B_Instrumental_main-track
1698,G_Lyrics_complementarytrack
1699,G_Lyrics_complementarytrack
1700,G_Lyrics_complementarytrack
1701,G_Lyrics_complementarytrack
1702,G_Lyrics_complementarytrack
1703,G_Lyrics_complementarytrack
1704,G_Lyrics_complementarytrack
1705,G_Lyrics_complementarytrack
1706,G_Lyrics_complementarytrack
1707,G_Lyrics_complementarytrack
1708,G_Lyrics_complementarytrack
1709,G_Lyrics_complementarytrack
1710,G_Lyrics_complementarytrack
1711,G_Lyrics_complementarytrack
1712,G_Lyrics_complementarytrack
1713,G_Lyrics_complementarytrack
1714,G_Lyrics_complementarytrack
1715,G_Lyrics_complementarytrack
1716,G_Lyrics_complementarytrack
1717,G_Lyrics_complementarytrack
1718,G_Lyrics_complementarytrack
1719,G_Lyrics_complementarytrack
1720,G_Lyrics_complementarytrack
1721,G_Lyrics_complementarytrack
1722,G_Lyrics_complementarytrack
1723,G_Lyrics_complementarytrack
1724,G_Lyrics_complementarytrack
1725,G_Lyrics_complementarytrack
1726,G_Lyrics_complementarytrack
1727,G_Lyrics_complementarytrack
1728,G_Lyrics_complementarytrack
1729,G_Lyrics_complementarytrack
1730,G_Lyrics_complementarytrack
1731,G_Lyrics_complementarytrack
1732,G_Lyrics_complementarytrack
1733,G_Lyrics_complementarytrack
1734,G_Lyrics_complementarytrack
1735,G_Lyrics_complementarytrack
1736,G_Lyrics_complementarytrack
1737,G_Lyrics_complementarytrack
1738,G_Lyrics_complementarytrack
1739,G_Lyrics_complementarytrack
1740,G_Lyrics_complementarytrack
1741,G_Lyrics_complementarytrack
1742,G_Lyrics_complementarytrack
1743,G_Lyrics_complementarytrack
1744,G_Lyrics_complementarytrack
1745,G_Lyrics_complementarytrack
1746,G_Lyrics_complementarytrack
1747,G_Lyrics_complementarytrack
1748,G_Lyrics_complementarytrack
1749,G_Lyrics_complementarytrack
1750,G_Lyrics_complementarytrack
1751,G_Lyrics_complementarytrack
1752,G_Lyrics_complementarytrack
1753,G_Lyrics_complementarytrack
1754,G_Lyrics_complementarytrack
1755,G_Lyrics_complementarytrack
1756,G_Lyrics_complementarytrack
1757,G_Lyrics_complementarytrack
1758,G_Lyrics_complementarytrack
1759,G_Lyrics_complementarytrack
1760,G_Lyrics_complementarytrack
1761,G_Lyrics_complementarytrack
1762,G_Lyrics_complementarytrack
1763,G_Lyrics_complementarytrack
1764,G_Lyrics_complementarytrack
1765,G_Lyrics_complementarytrack
1766,G_Lyrics_complementarytrack
1767,G_Lyrics_complementarytrack
1768,G_Lyrics_complementarytrack
1769,G_Lyrics_complementarytrack
1770,G_Lyrics_complementarytrack
1771,G_Lyrics_complementarytrack
1772,G_Lyrics_complementarytrack
1773,G_Lyrics_complementarytrack
1774,G_Lyrics_complementarytrack
1775,G_Lyrics_complementarytrack
1776,G_Lyrics_complementarytrack
1777,G_Lyrics_complementarytrack
1778,G_Lyrics_complementarytrack
1779,G_Lyrics_complementarytrack
1780,G_Lyrics_complementarytrack
1781,G_Lyrics_complementarytrack
1782,G_Lyrics_complementarytrack
1783,G_Lyrics_complementarytrack
1784,G_Lyrics_complementarytrack
1785,G_Lyrics_complementarytrack
1786,G_Lyrics_complementarytrack
1787,G_Lyrics_complementarytrack
1788,G_Lyrics_complementarytrack
1789,G_Lyrics_complementarytrack
1790,G_Lyrics_complementarytrack
1791,G_Lyrics_complementarytrack
1792,G_Lyrics_complementarytrack
1793,G_Lyrics_complementarytrack
1794,G_Lyrics_complementarytrack
1795,G_Lyrics_complementarytrack
1796,G_Lyrics_complementarytrack
1797,G_Lyrics_complementarytrack
1798,G_Lyrics_complementarytrack
1799,G_Lyrics_complementarytrack
1800,G_Lyrics_complementarytrack
1801,G_Lyrics_complementarytrack
1802,G_Lyrics_complementarytrack
1803,G_Lyrics_complementarytrack
1804,G_Lyrics_complementarytrack
1805,G_Lyrics_complementarytrack
1806,G_Lyrics_complementarytrack
1807,G_Lyrics_complementarytrack
1808,G_Lyrics_complementarytrack
1809,G_Lyrics_complementarytrack
1810,G_Lyrics_complementarytrack
1811,G_Lyrics_complementarytrack
1812,G_Lyrics_complementarytrack
1813,G_Lyrics_complementarytrack
1814,G_Lyrics_complementarytrack
1815,G_Lyrics_complementarytrack
1816,G_Lyrics_complementarytrack
1817,G_Lyrics_complementarytrack
1818,G_Lyrics_complementarytrack
1819,G_Lyrics_complementarytrack
1820,G_Lyrics_complementarytrack
1821,G_Lyrics_complementarytrack
1822,G_Lyrics_complementarytrack
1823,G_Lyrics_complementarytrack
1824,G_Lyrics_complementarytrack
1825,G_Lyrics_complementarytrack
1826,G_Lyrics_complementarytrack
1827,G_Lyrics_complementarytrack
1828,G_Lyrics_complementarytrack
1829,G_Lyrics_complementarytrack
1830,G_Lyrics_complementarytrack
1831,G_Lyrics_complementarytrack
1832,G_Lyrics_complementarytrack
1833,G_Lyrics_complementarytrack
1834,G_Lyrics_complementarytrack
1835,G_Lyrics_complementarytrack
1836,G_Lyrics_complementarytrack
1837,G_Lyrics_complementarytrack
1838,G_Lyrics_complementarytrack
1839,G_Lyrics_complementarytrack
1840,G_Lyrics_complementarytrack
1841,G_Lyrics_complementarytrack
1842,G_Lyrics_complementarytrack
1843,G_Lyrics_complementarytrack
1844,G_Lyrics_complementarytrack
1845,G_Lyrics_complementarytrack
1846,G_Lyrics_complementarytrack
1847,G_Lyrics_complementarytrack
1848,G_Lyrics_complementarytrack
1849,G_Lyrics_complementarytrack
1850,G_Lyrics_complementarytrack
1851,G_Lyrics_complementarytrack
1852,G_Lyrics_complementarytrack
1853,G_Lyrics_complementarytrack
1854,G_Lyrics_complementarytrack
1855,G_Lyrics_complementarytrack
1856,G_Lyrics_complementarytrack
1857,G_Lyrics_complementarytrack
1858,G_Lyrics_complementarytrack
1859,G_Lyrics_complementarytrack
1860,G_Lyrics_complementarytrack
1861,G_Lyrics_complementarytrack
1862,G_Lyrics_complementarytrack
1863,G_Lyrics_complementarytrack
1864,G_Lyrics_complementarytrack
1865,G_Lyrics_complementarytrack
1866,G_Lyrics_complementarytrack
1867,G_Lyrics_complementarytrack
1868,G_Lyrics_complementarytrack
1869,G_Lyrics_complementarytrack
1870,G_Lyrics_complementarytrack
1871,G_Lyrics_complementarytrack
1872,G_Lyrics_complementarytrack
1873,G_Lyrics_complementarytrack
1874,G_Lyrics_complementarytrack
1875,G_Lyrics_complementarytrack
1876,G_Lyrics_complementarytrack
1877,G_Lyrics_complementarytrack
1878,G_Lyrics_complementarytrack
1879,G_Lyrics_complementarytrack
1880,G_Lyrics_complementarytrack
1881,G_Lyrics_complementarytrack
1882,G_Lyrics_complementarytrack
1883,G_Lyrics_complementarytrack
1884,G_Lyrics_complementarytrack
1885,G_Lyrics_complementarytrack
1886,G_Lyrics_complementarytrack
1887,G_Lyrics_complementarytrack
1888,G_Lyrics_complementarytrack
1889,G_Lyrics_complementarytrack
1890,G_Lyrics_complementarytrack
1891,G_Lyrics_complementarytrack
1892,G_Lyrics_complementarytrack
1893,G_Lyrics_complementarytrack
1894,G_Lyrics_complementarytrack
1895,G_Lyrics_complementarytrack
1896,G_Lyrics_complementarytrack
1897,G_Lyrics_complementarytrack
1898,G_Lyrics_complementarytrack
1899,G_Lyrics_complementarytrack
1900,G_Lyrics_complementarytrack
1901,G_Lyrics_complementarytrack
1902,G_Lyrics_complementarytrack
1903,G_Lyrics_complementarytrack
1904,G_Lyrics_complementarytrack
1905,G_Lyrics_complementarytrack
1906,G_Lyrics_complementarytrack
1907,G_Lyrics_complementarytrack
1908,G_Lyrics_complementarytrack
1909,G_Lyrics_complementarytrack
1910,G_Lyrics_complementarytrack
1911,G_Lyrics_complementarytrack
1912,G_Lyrics_complementarytrack
1913,G_Lyrics_complementarytrack
1914,G_Lyrics_complementarytrack
1915,G_Lyrics_complementarytrack
1916,G_Lyrics_complementarytrack
1917,G_Lyrics_complementarytrack
1918,G_Lyrics_complementarytrack
1919,G_Lyrics_complementarytrack
1920,G_Lyrics_complementarytrack
1921,G_Lyrics_complementarytrack
1922,G_Lyrics_complementarytrack
1923,G_Lyrics_complementarytrack
1924,G_Lyrics_complementarytrack
1925,G_Lyrics_complementarytrack
1926,G_Lyrics_complementarytrack
1927,G_Lyrics_complementarytrack
1928,G_Lyrics_complementarytrack
1929,G_Lyrics_complementarytrack
1930,G_Lyrics_complementarytrack
1931,G_Lyrics_complementarytrack
1932,G_Lyrics_complementarytrack
1933,G_Lyrics_complementarytrack
1934,G_Lyrics_complementarytrack
1935,G_Lyrics_complementarytrack
1936,G_Lyrics_complementarytrack
1937,G_Lyrics_complementarytrack
1938,G_Lyrics_complementarytrack
1939,G_Lyrics_complementarytrack
1940,G_Lyrics_complementarytrack
1941,G_Lyrics_complementarytrack
1942,G_Lyrics_complementarytrack
1943,G_Lyrics_complementarytrack
1944,G_Lyrics_complementarytrack
1945,G_Lyrics_complementarytrack
1946,G_Lyrics_complementarytrack
1947,G_Lyrics_complementarytrack
1948,G_Lyrics_complementarytrack
1949,G_Lyrics_complementarytrack
1950,G_Lyrics_complementarytrack
1951,G_Lyrics_complementarytrack
1952,G_Lyrics_complementarytrack
1953,G_Lyrics_complementarytrack
1954,G_Lyrics_complementarytrack
1955,G_Lyrics_complementarytrack
1956,G_Lyrics_complementarytrack
1957,G_Lyrics_complementarytrack
1958,G_Lyrics_complementarytrack
1959,G_Lyrics_complementarytrack
1960,B_Instrumental_main-track
1961,B_Instrumental_main-track
1962,B_Instrumental_main-track
1963,B_Instrumental_main-track
1964,B_Instrumental_main-track
1965,B_Instrumental_main-track
1966,B_Instrumental_main-track
1967,B_Instrumental_main-track
1968,B_Instrumental_main-track
1969,B_Instrumental_main-track
1970,B_Instrumental_main-track
1971,B_Instrumental_main-track
1972,B_Instrumental_main-track
1973,B_Instrumental_main-track
1974,B_Instrumental_main-track
1975,B_Instrumental_main-track
1976,B_Instrumental_main-track
1977,B_Instrumental_main-track
1978,B_Instrumental_main-track
1979,B_Instrumental_main-track
1980,B_Instrumental_main-track
1981,B_Instrumental_main-track
1982,B_Instrumental_main-track
1983,B_Instrumental_main-track
1984,B_Instrumental_main-track
1985,B_Instrumental_main-track
1986,B_Instrumental_main-track
1987,B_Instrumental_main-track
1988,B_Instrumental_main-track
1989,B_Instrumental_main-track
1990,B_Instrumental_main-track
1991,B_Instrumental_main-track
1992,B_Instrumental_main-track
1993,B_Instrumental_main-track
1994,B_Instrumental_main-track
1995,B_Instrumental_main-track
1996,B_Instrumental_main-track
1997,B_Instrumental_main-track
1998,B_Instrumental_main-track
1999,B_Instrumental_main-track
2000,B_Instrumental_main-track
2001,B_Instrumental_main-track
2002,G_Lyrics_complementarytrack
2003,G_Lyrics_complementarytrack
2004,G_Lyrics_complementarytrack
2005,G_Lyrics_complementarytrack
2006,G_Lyrics_complementarytrack
2007,G_Lyrics_complementarytrack
2008,G_Lyrics_complementarytrack
2009,G_Lyrics_complementarytrack
2010,G_Lyrics_complementarytrack
2011,G_Lyrics_complementarytrack
2012,G_Lyrics_complementarytrack
2013,G_Lyrics_complementarytrack
2014,G_Lyrics_complementarytrack
2015,G_Lyrics_complementarytrack
2016,G_Lyrics_complementarytrack
2017,G_Lyrics_complementarytrack
2018,G_Lyrics_complementarytrack
2019,G_Lyrics_complementarytrack
2020,G_Lyrics_complementarytrack
2021,G_Lyrics_complementarytrack
2022,G_Lyrics_complementarytrack
2023,G_Lyrics_complementarytrack
2024,G_Lyrics_complementarytrack
2025,G_Lyrics_complementarytrack
2026,G_Lyrics_complementarytrack
2027,G_Lyrics_complementarytrack
2028,G_Lyrics_complementarytrack
2029,G_Lyrics_complementarytrack
2030,G_Lyrics_complementarytrack
2031,G_Lyrics_complementarytrack
2032,G_Lyrics_complementarytrack
2033,G_Lyrics_complementarytrack
2034,G_Lyrics_complementarytrack
2035,G_Lyrics_complementarytrack
2036,G_Lyrics_complementarytrack
2037,G_Lyrics_complementarytrack
2038,G_Lyrics_complementarytrack
2039,G_Lyrics_complementarytrack
2040,G_Lyrics_complementarytrack
2041,G_Lyrics_complementarytrack
2042,G_Lyrics_complementarytrack
2043,Y_Special effects_titles
2044,B_Instrumental_main-track
2045,B_Instrumental_main-track
2046,B_Instrumental_main-track
2047,B_Instrumental_main-track
2048,B_Instrumental_main-track
2049,B_Instrumental_main-track
2050,B_Instrumental_main-track
2051,B_Instrumental_main-track
2052,B_Instrumental_main-track
2053,B_Instrumental_main-track
2054,B_Instrumental_main-track
2055,B_Instrumental_main-track
2056,B_Instrumental_main-track
2057,B_Instrumental_main-track
2058,B_Instrumental_main-track
2059,B_Instrumental_main-track
2060,B_Instrumental_main-track
2061,B_Instrumental_main-track
2062,B_Instrumental_main-track
2063,B_Instrumental_main-track
2064,B_Instrumental_main-track
2065,B_Instrumental_main-track
2066,B_Instrumental_main-track
2067,B_Instrumental_main-track
2068,B_Instrumental_main-track
2069,B_Instrumental_main-track
2070,B_Instrumental_main-track
2071,B_Instrumental_main-track
2072,B_Instrumental_main-track
2073,B_Instrumental_main-track
2074,B_Instrumental_main-track
2075,G_Lyrics_complementarytrack
2076,G_Lyrics_complementarytrack
2077,G_Lyrics_complementarytrack
2078,G_Lyrics_complementarytrack
2079,G_Lyrics_complementarytrack
2080,G_Lyrics_complementarytrack
2081,G_Lyrics_complementarytrack
2082,G_Lyrics_complementarytrack
2083,G_Lyrics_complementarytrack
2084,G_Lyrics_complementarytrack
2085,G_Lyrics_complementarytrack
2086,G_Lyrics_complementarytrack
2087,G_Lyrics_complementarytrack
2088,G_Lyrics_complementarytrack
2089,G_Lyrics_complementarytrack
2090,G_Lyrics_complementarytrack
2091,G_Lyrics_complementarytrack
2092,G_Lyrics_complementarytrack
2093,G_Lyrics_complementarytrack
2094,G_Lyrics_complementarytrack
2095,G_Lyrics_complementarytrack
2096,G_Lyrics_complementarytrack
2097,G_Lyrics_complementarytrack
2098,G_Lyrics_complementarytrack
2099,G_Lyrics_complementarytrack
2100,G_Lyrics_complementarytrack
2101,G_Lyrics_complementarytrack
2102,G_Lyrics_complementarytrack
2103,G_Lyrics_complementarytrack
2104,G_Lyrics_complementarytrack
2105,G_Lyrics_complementarytrack
2106,G_Lyrics_complementarytrack
2107,G_Lyrics_complementarytrack
2108,G_Lyrics_complementarytrack
2109,G_Lyrics_complementarytrack
2110,B_Instrumental_main-track
2111,B_Instrumental_main-track
2112,B_Instrumental_main-track
2113,B_Instrumental_main-track
2114,B_Instrumental_main-track
2115,B_Instrumental_main-track
2116,B_Instrumental_main-track
2117,B_Instrumental_main-track
2118,B_Instrumental_main-track
2119,B_Instrumental_main-track
2120,B_Instrumental_main-track
2121,B_Instrumental_main-track
2122,B_Instrumental_main-track
2123,B_Instrumental_main-track
2124,B_Instrumental_main-track
2125,B_Instrumental_main-track
2126,B_Instrumental_main-track
2127,B_Instrumental_main-track
2128,B_Instrumental_main-track
2129,B_Instrumental_main-track
2130,B_Instrumental_main-track
2131,B_Instrumental_main-track
2132,B_Instrumental_main-track
2133,B_Instrumental_main-track
2134,B_Instrumental_main-track
2135,B_Instrumental_main-track
2136,B_Instrumental_main-track
2137,B_Instrumental_main-track
2138,B_Instrumental_main-track
2139,B_Instrumental_main-track
2140,B_Instrumental_main-track
2141,B_Instrumental_main-track
2142,B_Instrumental_main-track
2143,B_Instrumental_main-track
2144,B_Instrumental_main-track
2145,B_Instrumental_main-track
2146,B_Instrumental_main-track
2147,B_Instrumental_main-track
2148,B_Instrumental_main-track
2149,B_Instrumental_main-track
2150,B_Instrumental_main-track
2151,B_Instrumental_main-track
2152,B_Instrumental_main-track
2153,B_Instrumental_main-track
2154,B_Instrumental_main-track
2155,B_Instrumental_main-track
2156,B_Instrumental_main-track
2157,B_Instrumental_main-track
2158,B_Instrumental_main-track
2159,G_Lyrics_complementarytrack
2160,G_Lyrics_complementarytrack
2161,G_Lyrics_complementarytrack
2162,G_Lyrics_complementarytrack
2163,G_Lyrics_complementarytrack
2164,G_Lyrics_complementarytrack
2165,G_Lyrics_complementarytrack
2166,G_Lyrics_complementarytrack
2167,G_Lyrics_complementarytrack
2168,G_Lyrics_complementarytrack
2169,G_Lyrics_complementarytrack
2170,G_Lyrics_complementarytrack
2171,G_Lyrics_complementarytrack
2172,G_Lyrics_complementarytrack
2173,G_Lyrics_complementarytrack
2174,G_Lyrics_complementarytrack
2175,G_Lyrics_complementarytrack
2176,G_Lyrics_complementarytrack
2177,G_Lyrics_complementarytrack
2178,G_Lyrics_complementarytrack
2179,G_Lyrics_complementarytrack
2180,G_Lyrics_complementarytrack
2181,G_Lyrics_complementarytrack
2182,G_Lyrics_complementarytrack
2183,G_Lyrics_complementarytrack
2184,G_Lyrics_complementarytrack
2185,G_Lyrics_complementarytrack
2186,G_Lyrics_complementarytrack
2187,G_Lyrics_complementarytrack
2188,G_Lyrics_complementarytrack
2189,G_Lyrics_complementarytrack
2190,G_Lyrics_complementarytrack
2191,G_Lyrics_complementarytrack
2192,G_Lyrics_complementarytrack
2193,G_Lyrics_complementarytrack
2194,G_Lyrics_complementarytrack
2195,G_Lyrics_complementarytrack
2196,G_Lyrics_complementarytrack
2197,G_Lyrics_complementarytrack
2198,G_Lyrics_complementarytrack
2199,G_Lyrics_complementarytrack
2200,G_Lyrics_complementarytrack
2201,G_Lyrics_complementarytrack
2202,G_Lyrics_complementarytrack
2203,B_Instrumental_main-track
2204,B_Instrumental_main-track
2205,B_Instrumental_main-track
2206,B_Instrumental_main-track
2207,B_Instrumental_main-track
2208,B_Instrumental_main-track
2209,B_Instrumental_main-track
2210,B_Instrumental_main-track
2211,B_Instrumental_main-track
2212,B_Instrumental_main-track
2213,B_Instrumental_main-track
2214,B_Instrumental_main-track
2215,B_Instrumental_main-track
2216,B_Instrumental_main-track
2217,B_Instrumental_main-track
2218,B_Instrumental_main-track
2219,B_Instrumental_main-track
2220,B_Instrumental_main-track
2221,B_Instrumental_main-track
2222,B_Instrumental_main-track
2223,B_Instrumental_main-track
2224,B_Instrumental_main-track
2225,B_Instrumental_main-track
2226,B_Instrumental_main-track
2227,B_Instrumental_main-track
2228,B_Instrumental_main-track
2229,R_Video_footage_overlaps
2230,G_Lyrics_complementarytrack
2231,G_Lyrics_complementarytrack
2232,G_Lyrics_complementarytrack
2233,G_Lyrics_complementarytrack
2234,G_Lyrics_complementarytrack
2235,G_Lyrics_complementarytrack
2236,G_Lyrics_complementarytrack
2237,G_Lyrics_complementarytrack
2238,G_Lyrics_complementarytrack
2239,G_Lyrics_complementarytrack
2240,G_Lyrics_complementarytrack
2241,G_Lyrics_complementarytrack
2242,G_Lyrics_complementarytrack
2243,Y_Special effects_titles
2244,G_Lyrics_complementarytrack
2245,G_Lyrics_complementarytrack
2246,G_Lyrics_complementarytrack
2247,G_Lyrics_complementarytrack
2248,G_Lyrics_complementarytrack
2249,G_Lyrics_complementarytrack
2250,R_Video_footage_overlaps
2251,B_Instrumental_main-track
2252,B_Instrumental_main-track
2253,B_Instrumental_main-track
2254,B_Instrumental_main-track
2255,B_Instrumental_main-track
2256,B_Instrumental_main-track
2257,B_Instrumental_main-track
2258,B_Instrumental_main-track
2259,B_Instrumental_main-track
2260,B_Instrumental_main-track
2261,B_Instrumental_main-track
2262,B_Instrumental_main-track
2263,B_Instrumental_main-track
2264,B_Instrumental_main-track
2265,B_Instrumental_main-track
2266,B_Instrumental_main-track
2267,B_Instrumental_main-track
2268,B_Instrumental_main-track
2269,G_Lyrics_complementarytrack
2270,G_Lyrics_complementarytrack
2271,G_Lyrics_complementarytrack
2272,G_Lyrics_complementarytrack
2273,G_Lyrics_complementarytrack
2274,G_Lyrics_complementarytrack
2275,G_Lyrics_complementarytrack
2276,G_Lyrics_complementarytrack
2277,G_Lyrics_complementarytrack
2278,G_Lyrics_complementarytrack
2279,G_Lyrics_complementarytrack
2280,G_Lyrics_complementarytrack
2281,G_Lyrics_complementarytrack
2282,G_Lyrics_complementarytrack
2283,G_Lyrics_complementarytrack
2284,G_Lyrics_complementarytrack
2285,G_Lyrics_complementarytrack
2286,G_Lyrics_complementarytrack
2287,G_Lyrics_complementarytrack
2288,G_Lyrics_complementarytrack
2289,B_Instrumental_main-track
2290,B_Instrumental_main-track
2291,B_Instrumental_main-track
2292,B_Instrumental_main-track
2293,B_Instrumental_main-track
2294,B_Instrumental_main-track
2295,B_Instrumental_main-track
2296,B_Instrumental_main-track
2297,B_Instrumental_main-track
2298,B_Instrumental_main-track
2299,B_Instrumental_main-track
2300,B_Instrumental_main-track
2301,B_Instrumental_main-track
2302,B_Instrumental_main-track
2303,B_Instrumental_main-track
2304,B_Instrumental_main-track
2305,B_Instrumental_main-track
2306,B_Instrumental_main-track
2307,B_Instrumental_main-track
2308,B_Instrumental_main-track
2309,B_Instrumental_main-track
2310,G_Lyrics_complementarytrack
2311,G_Lyrics_complementarytrack
2312,G_Lyrics_complementarytrack
2313,G_Lyrics_complementarytrack
2314,G_Lyrics_complementarytrack
2315,G_Lyrics_complementarytrack
2316,G_Lyrics_complementarytrack
2317,G_Lyrics_complementarytrack
2318,G_Lyrics_complementarytrack
2319,G_Lyrics_complementarytrack
2320,G_Lyrics_complementarytrack
2321,G_Lyrics_complementarytrack
2322,G_Lyrics_complementarytrack
2323,G_Lyrics_complementarytrack
2324,G_Lyrics_complementarytrack
2325,G_Lyrics_complementarytrack
2326,G_Lyrics_complementarytrack
2327,G_Lyrics_complementarytrack
2328,G_Lyrics_complementarytrack
2329,G_Lyrics_complementarytrack
2330,G_Lyrics_complementarytrack
2331,G_Lyrics_complementarytrack
2332,G_Lyrics_complementarytrack
2333,G_Lyrics_complementarytrack
2334,G_Lyrics_complementarytrack
2335,G_Lyrics_complementarytrack
2336,G_Lyrics_complementarytrack
2337,B_Instrumental_main-track
2338,B_Instrumental_main-track
2339,B_Instrumental_main-track
2340,B_Instrumental_main-track
2341,B_Instrumental_main-track
2342,B_Instrumental_main-track
2343,B_Instrumental_main-track
2344,B_Instrumental_main-track
2345,B_Instrumental_main-track
2346,B_Instrumental_main-track
2347,B_Instrumental_main-track
2348,B_Instrumental_main-track
2349,B_Instrumental_main-track
2350,B_Instrumental_main-track
2351,B_Instrumental_main-track
2352,B_Instrumental_main-track
2353,B_Instrumental_main-track
2354,B_Instrumental_main-track
2355,B_Instrumental_main-track
2356,B_Instrumental_main-track
2357,B_Instrumental_main-track
2358,B_Instrumental_main-track
2359,B_Instrumental_main-track
2360,B_Instrumental_main-track
2361,B_Instrumental_main-track
2362,B_Instrumental_main-track
2363,B_Instrumental_main-track
2364,B_Instrumental_main-track
2365,B_Instrumental_main-track
2366,B_Instrumental_main-track
2367,B_Instrumental_main-track
2368,B_Instrumental_main-track
2369,B_Instrumental_main-track
2370,B_Instrumental_main-track
2371,B_Instrumental_main-track
2372,B_Instrumental_main-track
2373,B_Instrumental_main-track
2374,B_Instrumental_main-track
2375,B_Instrumental_main-track
2376,B_Instrumental_main-track
2377,B_Instrumental_main-track
2378,B_Instrumental_main-track
2379,B_Instrumental_main-track
2380,Y_Special effects_titles
2381,Y_Special effects_titles
2382,Y_Special effects_titles
2383,Y_Special effects_titles
2384,Y_Special effects_titles
2385,Y_Special effects_titles
2386,Y_Special effects_titles
2387,Y_Special effects_titles
2388,Y_Special effects_titles
2389,Y_Special effects_titles
2390,Y_Special effects_titles
2391,Y_Special effects_titles
2392,Y_Special effects_titles
2393,Y_Special effects_titles
2394,Y_Special effects_titles
2395,Y_Special effects_titles
2396,Y_Special effects_titles
2397,Y_Special effects_titles
2398,Y_Special effects_titles
2399,Y_Special effects_titles
2400,Y_Special effects_titles
2401,Y_Special effects_titles
2402,Y_Special effects_titles
2403,Y_Special effects_titles
2404,Y_Special effects_titles
2405,Y_Special effects_titles
2406,Y_Special effects_titles
2407,Y_Special effects_titles
2408,Y_Special effects_titles
2409,Y_Special effects_titles
2410,Y_Special effects_titles
2411,G_Lyrics_complementarytrack
2412,G_Lyrics_complementarytrack
2413,G_Lyrics_complementarytrack
2414,Y_Special effects_titles
2415,Y_Special effects_titles
2416,G_Lyrics_complementarytrack
2417,G_Lyrics_complementarytrack
2418,G_Lyrics_complementarytrack
2419,Y_Special effects_titles
2420,Y_Special effects_titles
2421,Y_Special effects_titles
2422,Y_Special effects_titles
2423,Y_Special effects_titles
2424,Y_Special effects_titles
2425,Y_Special effects_titles
2426,Y_Special effects_titles
2427,Y_Special effects_titles
2428,Y_Special effects_titles
2429,Y_Special effects_titles
2430,Y_Special effects_titles
2431,Y_Special effects_titles
2432,Y_Special effects_titles
2433,G_Lyrics_complementarytrack
2434,Y_Special effects_titles
2435,Y_Special effects_titles
2436,Y_Special effects_titles
2437,Y_Special effects_titles
2438,G_Lyrics_complementarytrack
2439,Y_Special effects_titles
2440,Y_Special effects_titles
2441,Y_Special effects_titles
2442,Y_Special effects_titles
2443,Y_Special effects_titles
2444,Y_Special effects_titles
2445,Y_Special effects_titles
2446,Y_Special effects_titles
2447,Y_Special effects_titles
2448,Y_Special effects_titles
2449,Y_Special effects_titles
2450,Y_Special effects_titles
2451,Y_Special effects_titles
2452,Y_Special effects_titles
2453,G_Lyrics_complementarytrack
2454,G_Lyrics_complementarytrack
2455,G_Lyrics_complementarytrack
2456,G_Lyrics_complementarytrack
2457,G_Lyrics_complementarytrack
2458,G_Lyrics_complementarytrack
2459,G_Lyrics_complementarytrack
2460,G_Lyrics_complementarytrack
2461,G_Lyrics_complementarytrack
2462,G_Lyrics_complementarytrack
2463,B_Instrumental_main-track
2464,B_Instrumental_main-track
2465,B_Instrumental_main-track
2466,B_Instrumental_main-track
2467,B_Instrumental_main-track
2468,B_Instrumental_main-track
2469,B_Instrumental_main-track
2470,B_Instrumental_main-track
2471,B_Instrumental_main-track
2472,B_Instrumental_main-track
2473,B_Instrumental_main-track
2474,B_Instrumental_main-track
2475,B_Instrumental_main-track
2476,B_Instrumental_main-track
2477,B_Instrumental_main-track
2478,B_Instrumental_main-track
2479,B_Instrumental_main-track
2480,B_Instrumental_main-track
2481,B_Instrumental_main-track
2482,G_Lyrics_complementarytrack
2483,G_Lyrics_complementarytrack
2484,G_Lyrics_complementarytrack
2485,G_Lyrics_complementarytrack
2486,G_Lyrics_complementarytrack
2487,G_Lyrics_complementarytrack
2488,Y_Special effects_titles
2489,Y_Special effects_titles
2490,Y_Special effects_titles
2491,Y_Special effects_titles
2492,Y_Special effects_titles
2493,Y_Special effects_titles
2494,Y_Special effects_titles
2495,Y_Special effects_titles
2496,B_Instrumental_main-track
2497,B_Instrumental_main-track
2498,B_Instrumental_main-track
2499,B_Instrumental_main-track
2500,B_Instrumental_main-track
2501,B_Instrumental_main-track
2502,B_Instrumental_main-track
2503,B_Instrumental_main-track
2504,B_Instrumental_main-track
2505,B_Instrumental_main-track
2506,B_Instrumental_main-track
2507,B_Instrumental_main-track
2508,B_Instrumental_main-track
2509,B_Instrumental_main-track
2510,B_Instrumental_main-track
2511,B_Instrumental_main-track
2512,B_Instrumental_main-track
2513,B_Instrumental_main-track
2514,B_Instrumental_main-track
2515,B_Instrumental_main-track
2516,B_Instrumental_main-track
2517,G_Lyrics_complementarytrack
2518,G_Lyrics_complementarytrack
2519,G_Lyrics_complementarytrack
2520,G_Lyrics_complementarytrack
2521,G_Lyrics_complementarytrack
2522,G_Lyrics_complementarytrack
2523,G_Lyrics_complementarytrack
2524,G_Lyrics_complementarytrack
2525,G_Lyrics_complementarytrack
2526,G_Lyrics_complementarytrack
2527,G_Lyrics_complementarytrack
2528,B_Instrumental_main-track
2529,B_Instrumental_main-track
2530,B_Instrumental_main-track
2531,Y_Special effects_titles
2532,Y_Special effects_titles
2533,Y_Special effects_titles
2534,G_Lyrics_complementarytrack
2535,G_Lyrics_complementarytrack
2536,G_Lyrics_complementarytrack
2537,G_Lyrics_complementarytrack
2538,G_Lyrics_complementarytrack
2539,G_Lyrics_complementarytrack
2540,G_Lyrics_complementarytrack
2541,G_Lyrics_complementarytrack
2542,G_Lyrics_complementarytrack
2543,G_Lyrics_complementarytrack
2544,G_Lyrics_complementarytrack
2545,G_Lyrics_complementarytrack
2546,G_Lyrics_complementarytrack
2547,G_Lyrics_complementarytrack
2548,G_Lyrics_complementarytrack
2549,G_Lyrics_complementarytrack
2550,G_Lyrics_complementarytrack
2551,G_Lyrics_complementarytrack
2552,G_Lyrics_complementarytrack
2553,G_Lyrics_complementarytrack
2554,G_Lyrics_complementarytrack
2555,G_Lyrics_complementarytrack
2556,G_Lyrics_complementarytrack
2557,B_Instrumental_main-track
2558,B_Instrumental_main-track
2559,B_Instrumental_main-track
2560,B_Instrumental_main-track
2561,B_Instrumental_main-track
2562,B_Instrumental_main-track
2563,B_Instrumental_main-track
2564,B_Instrumental_main-track
2565,B_Instrumental_main-track
2566,B_Instrumental_main-track
2567,B_Instrumental_main-track
2568,B_Instrumental_main-track
2569,B_Instrumental_main-track
2570,B_Instrumental_main-track
2571,B_Instrumental_main-track
2572,B_Instrumental_main-track
2573,B_Instrumental_main-track
2574,B_Instrumental_main-track
2575,B_Instrumental_main-track
2576,B_Instrumental_main-track
2577,B_Instrumental_main-track
2578,R_Video_footage_overlaps
2579,G_Lyrics_complementarytrack
2580,G_Lyrics_complementarytrack
2581,G_Lyrics_complementarytrack
2582,G_Lyrics_complementarytrack
2583,G_Lyrics_complementarytrack
2584,R_Video_footage_overlaps
2585,G_Lyrics_complementarytrack
2586,G_Lyrics_complementarytrack
2587,G_Lyrics_complementarytrack
2588,G_Lyrics_complementarytrack
2589,G_Lyrics_complementarytrack
2590,G_Lyrics_complementarytrack
2591,G_Lyrics_complementarytrack
2592,G_Lyrics_complementarytrack
2593,G_Lyrics_complementarytrack
2594,G_Lyrics_complementarytrack
2595,G_Lyrics_complementarytrack
2596,G_Lyrics_complementarytrack
2597,G_Lyrics_complementarytrack
2598,G_Lyrics_complementarytrack
2599,G_Lyrics_complementarytrack
2600,G_Lyrics_complementarytrack
2601,G_Lyrics_complementarytrack
2602,G_Lyrics_complementarytrack
2603,G_Lyrics_complementarytrack
2604,G_Lyrics_complementarytrack
2605,G_Lyrics_complementarytrack
2606,G_Lyrics_complementarytrack
2607,G_Lyrics_complementarytrack
2608,G_Lyrics_complementarytrack
2609,G_Lyrics_complementarytrack
2610,G_Lyrics_complementarytrack
2611,G_Lyrics_complementarytrack
2612,G_Lyrics_complementarytrack
2613,G_Lyrics_complementarytrack
2614,G_Lyrics_complementarytrack
2615,R_Video_footage_overlaps
2616,R_Video_footage_overlaps
2617,G_Lyrics_complementarytrack
2618,G_Lyrics_complementarytrack
2619,G_Lyrics_complementarytrack
2620,G_Lyrics_complementarytrack
2621,G_Lyrics_complementarytrack
2622,G_Lyrics_complementarytrack
2623,G_Lyrics_complementarytrack
2624,G_Lyrics_complementarytrack
2625,R_Video_footage_overlaps
2626,G_Lyrics_complementarytrack
2627,G_Lyrics_complementarytrack
2628,G_Lyrics_complementarytrack
2629,G_Lyrics_complementarytrack
